id,old_display_name,new_display_name,applied
2764399167,Iraqi Journal of Pharmaceutical Sciences ( P-ISSN 1683 - 3597 E-ISSN 2521 - 3512),Iraqi Journal of Pharmaceutical Sciences,yes
2764598072,Journal of Corporate Finance Research / Корпоративные Финансы | ISSN 2073-0438,Journal of Corporate Finance Research / Корпоративные Финансы,yes
2764612438,Scholedge International Journal of Management & Development ISSN 2394-3378,Scholedge International Journal of Management & Development,yes
2764774213,Journal of Islam in Asia (E-ISSN 2289-8077),Journal of Islam in Asia,yes
2764825727,International Journal of High Dilution Research - ISSN 1982-6206,International Journal of High Dilution Research,yes
2764976939,JMPHC | Journal of Management & Primary Health Care | ISSN 2179-6750,JMPHC | Journal of Management & Primary Health Care,yes
4210169111,Extensão em Foco (ISSN 2317-9791),Extensão em Foco,yes
4210171484,Revista Ciências & Ideias ISSN 2176-1477,Revista Ciências & Ideias,yes
4210172181,Revista Mundi Engenharia Tecnologia e Gestão (ISSN 2525-4782),Revista Mundi Engenharia Tecnologia e Gestão,yes
4210172547,Revista Mundi Sociais e Humanidades (ISSN 2525-4774),Revista Mundi Sociais e Humanidades,yes
4210172949,Scholedge International Journal of Multidisciplinary & Allied Studies ISSN 2394-336X,Scholedge International Journal of Multidisciplinary & Allied Studies,yes
4210174210,Carácter Revista Cientifica de la Universidad Del Pacifico ISSN 2602-8476,Carácter Revista Cientifica de la Universidad Del Pacifico,yes
4210176959,Bioactive Compounds in Health and Disease - Online ISSN 2574-0334 Print ISSN 2769-2426,Bioactive Compounds in Health and Disease,yes
4210177426,Open Journal of Social Science and Humanities (ISSN 2734-2077),Open Journal of Social Science and Humanities,yes
4210178536,Natural Resources (ISSN 2237-9290),Natural Resources,yes
4210178757,REVISTA AMBIENTE CONTÁBIL - Universidade Federal do Rio Grande do Norte - ISSN 2176-9036,REVISTA AMBIENTE CONTÁBIL - Universidade Federal do Rio Grande do Norte,yes
4210179149,Jurnal Teologi Amreta (ISSN 2599-3100),Jurnal Teologi Amreta,yes
4210179616,NURSING UPDATE Jurnal Ilmiah Ilmu Keperawatan P-ISSN 2085-5931 e-ISSN 2623-2871,NURSING UPDATE Jurnal Ilmiah Ilmu Keperawatan,yes
4210180201,Revista Mundi Saúde e Biológicas (ISSN 2525-4766),Revista Mundi Saúde e Biológicas,yes
4210180792,JFIOnline | Print ISSN 1412-1107 | e-ISSN 2355-696X,JFIOnline,yes
4210182522,Journal of BATHINVS Association ACTA ILLYRICA / Godišnjak Udruženja BATHINVS ACTA ILLYRICA Online ISSN 2744-1318,Journal of BATHINVS Association ACTA ILLYRICA / Godišnjak Udruženja BATHINVS ACTA ILLYRICA,yes
4210183225,Journal of Waste Conversion Bioproducts and Biotechnology – ISSN 2155-1804,Journal of Waste Conversion Bioproducts and Biotechnology,yes
4210184180,La Técnica Revista de las Agrociencias ISSN 2477-8982,La Técnica Revista de las Agrociencias,yes
4210184316,Revista NÓS Cultura Estética e Linguagens (ISSN 2448-1793),Revista NÓS Cultura Estética e Linguagens,yes
4210184366,Sustainable Engineering and Innovation ISSN 2712-0562,Sustainable Engineering and Innovation,yes
4210185050,IRA-International Journal of Management & Social Sciences (ISSN 2455-2267),IRA-International Journal of Management & Social Sciences,yes
4210187144,MOARA – Revista Eletrônica do Programa de Pós-Graduação em Letras ISSN 0104-0944,MOARA – Revista Eletrônica do Programa de Pós-Graduação em Letras,yes
4210187947,VERBUM CADERNOS DE PÓS-GRADUAÇÃO ISSN 2316-3267,VERBUM CADERNOS DE PÓS-GRADUAÇÃO,yes
4210188093,Revista Brasileira de Inovação Tecnológica em Saúde ISSN 2236-1103,Revista Brasileira de Inovação Tecnológica em Saúde,yes
4210188426,REVISTA FUNEC CIENTÍFICA - EDUCAÇÃO - ISSN 2447-1666,REVISTA FUNEC CIENTÍFICA - EDUCAÇÃO,yes
4210190626,JURNAL MEDICAL P-ISSN 2685-7960 e-ISSN 2685-7979,JURNAL MEDICAL,yes
4210192614,RECISATEC - REVISTA CIENTÍFICA SAÚDE E TECNOLOGIA - ISSN 2763-8405,RECISATEC - REVISTA CIENTÍFICA SAÚDE E TECNOLOGIA,yes
4210193545,International Journal For Research In Business Management And Accounting (ISSN 2455-6114),International Journal For Research In Business Management And Accounting,yes
4210193957,Open Journal of Medical Research (ISSN 2734-2093),Open Journal of Medical Research,yes
4210194263,Revista E-Tech Tecnologias para Competitividade Industrial - ISSN - 1983-1838,Revista E-Tech Tecnologias para Competitividade Industrial,yes
4210195484,Heritage and Sustainable Development ISSN 2712-0554,Heritage and Sustainable Development,yes
4210195968,REVISTA JURÍDICA DO CESUCA - ISSN 2317-9554,REVISTA JURÍDICA DO CESUCA,yes
4210197150,Journal of the Faculty of Philosophy in Sarajevo / Radovi Filozofskog fakulteta u Sarajevu ISSN 2303-6990 on-line,Journal of the Faculty of Philosophy in Sarajevo / Radovi Filozofskog fakulteta u Sarajevu,yes
4210199078,Revista de Investigaciones en Energía Medio Ambiente y Tecnología RIEMAT ISSN 2588-0721,Revista de Investigaciones en Energía Medio Ambiente y Tecnología RIEMAT,yes
4210200431,Revista de Biotecnologia & Ciência (ISSN 2238-6629),Revista de Biotecnologia & Ciência,yes
4210200846,IRA-International Journal of Technology & Engineering (ISSN 2455-4480),IRA-International Journal of Technology & Engineering,yes
4210202547,IRA-International Journal of Applied Sciences (ISSN 2455-4499),IRA-International Journal of Applied Sciences,yes
4210203726,Journal of Business and Information Systems (e-ISSN 2685-2543),Journal of Business and Information Systems,yes
4210204403,Bulletin of Environmental Science and Sustainable Management (e-ISSN 2716-5353),Bulletin of Environmental Science and Sustainable Management,yes
4210204749,International Journal of Current Humanities & Social Science Researches (IJCHSSR) ISSN 2456-7205 Peer Reviewed Journal,International Journal of Current Humanities & Social Science Researches (IJCHSSR) Peer Reviewed Journal,yes
4210204811,REVISTA FUNEC CIENTÍFICA - ODONTOLOGIA - ISSN 2526-9682,REVISTA FUNEC CIENTÍFICA - ODONTOLOGIA,yes
4210204858,Open Journal of Agricultural Science (ISSN 2734-214X),Open Journal of Agricultural Science,yes
4210206149,Perspectivas Experimentais e Clínicas Inovações Biomédicas e Educação em Saúde (PECIBES) ISSN - 2594-9888,Perspectivas Experimentais e Clínicas Inovações Biomédicas e Educação em Saúde (PECIBES),yes
4210208239,Revista Mundi Meio Ambiente e Agrárias (ISSN 2525-4790),Revista Mundi Meio Ambiente e Agrárias,yes
4210208713,Revista Eletrônica da Associação dos Geógrafos Brasileiros Seção Três Lagoas - (ISSN 1808-2653),Revista Eletrônica da Associação dos Geógrafos Brasileiros Seção Três Lagoas,yes
4210211481,INTERNATIONAL JOURNAL EDUCATION AND TEACHING (PDVL) ISSN 2595-2498,INTERNATIONAL JOURNAL EDUCATION AND TEACHING (PDVL),yes
4210212509,Ícone - Revista de Letras (ISSN 1982-7717),Ícone - Revista de Letras,yes
4210212950,Scholedge International Journal of Business Policy & Governance ISSN 2394-3351,Scholedge International Journal of Business Policy & Governance,yes
4210213247,Revista Eletrônica Perspectivas da Ciência e Tecnologia - ISSN 1984-5693,Revista Eletrônica Perspectivas da Ciência e Tecnologia,yes
4210217698,Pharmacology and Toxicology of Natural Medicines (ISSN 2756-6838),Pharmacology and Toxicology of Natural Medicines,yes
4210218002,QhaliKay Revista de Ciencias de la Salud ISSN 2588-0608,QhaliKay Revista de Ciencias de la Salud,yes
4210218400,REVELLI - Revista de Educação Linguagem e Literatura (ISSN 1984-6576),REVELLI - Revista de Educação Linguagem e Literatura,yes
4210218942,Journal of Animal and Plant Sciences (J Anim Plant Sci ) ISSN 2071 – 7024,Journal of Animal and Plant Sciences (J Anim Plant Sci ),yes
4210220710,Functional Food Science - Online ISSN 2767-3146,Functional Food Science,yes
4210220756,IJRDO - Journal of Agriculture and Research (ISSN 2455-7668),IJRDO - Journal of Agriculture and Research,yes
4210221546,YACHAQ- ISSN-L 2663-4155 (Virtual) e-ISSN 2617-5495 (Impresa),YACHAQ,yes
4210222454,REVISTA CIENTÍFICA ACERTTE - ISSN 2763-8928,REVISTA CIENTÍFICA ACERTTE,yes
4210222786,RECIMA21 - Revista Científica Multidisciplinar - ISSN 2675-6218,RECIMA21 - Revista Científica Multidisciplinar,yes
4210224879,Open Journal of Engineering Science (ISSN 2734-2115),Open Journal of Engineering Science,yes
4210225455,(IJRE) International Journal of Research and Ethics (ISSN 2665-7481),(IJRE) International Journal of Research and Ethics,yes
4210226223,REVISTA DIÁLOGOS DO DIREITO - ISSN 2316-2112,REVISTA DIÁLOGOS DO DIREITO,yes
4210227732,Open Journal of Environmental Research (ISSN 2734-2085),Open Journal of Environmental Research,yes
4210227798,Revista Lumen - ISSN 2447-8717,Revista Lumen,yes
4210227982,SAHUARUS REVISTA ELECTRÓNICA DE MATEMÁTICAS ISSN 2448-5365,SAHUARUS REVISTA ELECTRÓNICA DE MATEMÁTICAS,yes
4210228115,Open Journal of Educational Development (ISSN 2734-2050),Open Journal of Educational Development,yes
4210228814,Anais da Mostra Nacional de Iniciação Científica e Tecnológica Interdisciplinar (MICTI) - e-ISSN 2316-7165,Anais da Mostra Nacional de Iniciação Científica e Tecnológica Interdisciplinar (MICTI),yes
4210229322,Movimenta (ISSN 1984-4298),Movimenta,yes
4210230279,Journal of the Faculty of Philosophy in Sarajevo (History History of Art Archeology) / Radovi (Historija Historija umjetnosti Arheologija) ISSN 2303-6974 on-line,Journal of the Faculty of Philosophy in Sarajevo (History History of Art Archeology) / Radovi (Historija Historija umjetnosti Arheologija),yes
4210232551,RECUS Revista Electrónica Cooperación Universidad Sociedad ISSN 2528-8075,RECUS Revista Electrónica Cooperación Universidad Sociedad,yes
4210233926,Al-Rafidain Journal of Medical Sciences ( ISSN 2789-3219 ),Al-Rafidain Journal of Medical Sciences,yes
4210234528,Open Journal of Physical Science (ISSN 2734-2123),Open Journal of Physical Science,yes
4210236011,JURNAL ILMIAH OBSGIN Jurnal Ilmiah Ilmu Kebidanan & Kandungan P-ISSN 1979-3340 e-ISSN 2685-7987,JURNAL ILMIAH OBSGIN Jurnal Ilmiah Ilmu Kebidanan & Kandungan,yes
4210236448,Revista Debates Insubmissos - ISSN 2595-2803,Revista Debates Insubmissos,yes
4210238595,METRIK SERIAL HUMANIORA DAN SAINS (E) ISSN 2774-2377,METRIK SERIAL HUMANIORA DAN SAINS,yes
4210239576,Revista Temporis[ação] (ISSN 2317-5516),Revista Temporis[ação],yes
4210239668,Open Journal of Management Science (ISSN 2734-2107),Open Journal of Management Science,yes
4210240429,Open Journal of Bioscience Research (ISSN 2734-2069),Open Journal of Bioscience Research,yes
4220650787,Journal of Advance Research in Pharmacy & Biological Science (ISSN 2208-2360),Journal of Advance Research in Pharmacy & Biological Science,yes
4220650916,Journal of Advance Research in Medical & Health Science (ISSN 2208-2425),Journal of Advance Research in Medical & Health Science,yes
4220650961,Journal of Advance Research in Social Science and Humanities (ISSN 2208-2387),Journal of Advance Research in Social Science and Humanities,yes
4220651053,Jurnal Cahaya Mandalika ISSN 2721-4796 (online),Jurnal Cahaya Mandalika,yes
4220651102,International Journal of Advance Research in Education & Literature (ISSN 2208-2441),International Journal of Advance Research in Education & Literature,yes
4220651190,Journal of Advance Research in Food Agriculture and Environmental Science (ISSN 2208-2417),Journal of Advance Research in Food Agriculture and Environmental Science,yes
4220651265,Journal of Advance Research in Computer Science & Engineering (ISSN 2456-3552),Journal of Advance Research in Computer Science & Engineering,yes
4220651340,Journal of Advance Research in Applied Science (ISSN 2208-2352),Journal of Advance Research in Applied Science,yes
4220651628,Journal of Advance Research in Mathematics And Statistics (ISSN 2208-2409),Journal of Advance Research in Mathematics And Statistics,yes
4220651684,Revista Mediação (ISSN 1980-556X),Revista Mediação,yes
4220651748,Journal of Advance Research in Mechanical & Civil Engineering (ISSN 2208-2379),Journal of Advance Research in Mechanical & Civil Engineering,yes
4220651872,Journal of Advance Research in Business Management and Accounting (ISSN 2456-3544),Journal of Advance Research in Business Management and Accounting,yes
4220651903,Journal of Advance Research in Electrical & Electronics Engineering (ISSN 2208-2395),Journal of Advance Research in Electrical & Electronics Engineering,yes
4306400273,Scholedge International Journal Of Management & Development ISSN 2394-3378 - Scholedge International Journal Of Management & Development ISSN 2394-3378,Scholedge International Journal Of Management & Development - Scholedge International Journal Of Management & Development,yes
4306501491,Alumni- Revista Discente da UNIABEU- ISSN 2318-3985,Alumni- Revista Discente da UNIABEU,yes
4306501683,Anais Colóquio Estadual de Pesquisa Multidisciplinar (ISSN-2527-2500) & Congresso Nacional de Pesquisa Multidisciplinar,Anais Colóquio Estadual de Pesquisa Multidisciplinar & Congresso Nacional de Pesquisa Multidisciplinar,yes
4306501704,Anais da Semana de Agronomia da UESB (SEAGRUS) - ISSN 2526-8406,Anais da Semana de Agronomia da UESB (SEAGRUS),yes
4306501751,"Anais do Congresso de Ensino, Pesquisa e Extensão da UEG (CEPE) (ISSN 2447-8687)","Anais do Congresso de Ensino, Pesquisa e Extensão da UEG (CEPE)",yes
4306501765,Anais do ENAPHEM - Encontro Nacional de Pesquisa em História da Educação Matemática - ISSN 2596-3228,Anais do ENAPHEM - Encontro Nacional de Pesquisa em História da Educação Matemática,yes
4306501795,Anais do Salão de Iniciação Cientifica Tecnológica ISSN -2358-8446,Anais do Salão de Iniciação Cientifica Tecnológica,yes
4306501802,"Anais do Seminário de Pesquisa, Pós-Graduação, Ensino e Extensão do Câmpus Anápolis de CSEH (SEPE) (ISSN 2447-9357)","Anais do Seminário de Pesquisa, Pós-Graduação, Ensino e Extensão do Câmpus Anápolis de CSEH (SEPE)",yes
4306501811,Anais dos Encontros Nacionais de Engenharia e Desenvolvimento Social - ISSN 2594-7060,Anais dos Encontros Nacionais de Engenharia e Desenvolvimento Social,yes
4306501816,Anais do Simpósio Cidades Médias e Pequenas da Bahia - ISSN 2358-5293,Anais do Simpósio Cidades Médias e Pequenas da Bahia,yes
4306503292,Asian Journal For Convergence In Technology (AJCT)  ISSN -2350-1146,Asian Journal For Convergence In Technology (AJCT),yes
4306503654,Atas de Ciências da Saúde (ISSN 2448-3753),Atas de Ciências da Saúde,yes
4306503655,Atas de Saúde Ambiental - ASA (ISSN 2357-7614),Atas de Saúde Ambiental - ASA,yes
4306503782,"Aurora. Revista de Arte, Mídia e Política. ISSN 1982-6672","Aurora. Revista de Arte, Mídia e Política",yes
4306504055,Batey. Revista Cubana de Antropología Sociocultural (ISSN 2225-529X),Batey. Revista Cubana de Antropología Sociocultural,yes
4306504364,Bioenergia em Revista: Diálogos (ISSN: 2236-9171),Bioenergia em Revista: Diálogos,yes
4306504468,BITARA International Journal of Civilizational Studies and Human Sciences (e-ISSN: 2600-9080),BITARA International Journal of Civilizational Studies and Human Sciences,yes
4306504548,BMH Medical Journal    -   ISSN 2348–392X,BMH Medical Journal,yes
4306504808,"Boletín Técnico, ISSN:0376-723X",Boletín Técnico,yes
4306506199,Ciclo Revista (ISSN 2526-8082),Ciclo Revista,yes
4306506238,Ciência & Ensino (ISSN 1980-8631),Ciência & Ensino,yes
4306506522,Cognitio-Estudos: revista eletrônica de filosofia. ISSN 1809-8428,Cognitio-Estudos: revista eletrônica de filosofia,yes
4306506526,Cognitio: Revista de Filosofia. ISSN 2316-5278,Cognitio: Revista de Filosofia,yes
4306506584,Colóquio do Museu Pedagógico - ISSN 2175-5493,Colóquio do Museu Pedagógico,yes
4306506903,Congresso Interdisciplinar - ISSN: 2595-7732,Congresso Interdisciplinar,yes
4306508780,"Educação, Formação & Tecnologias - ISSN 1646-933X","Educação, Formação & Tecnologias",yes
4306508783,Educação Matemática Pesquisa. Revista do Programa de Estudos Pós-Graduados em Educação Matemática. ISSN 1983-3156,Educação Matemática Pesquisa. Revista do Programa de Estudos Pós-Graduados em Educação Matemática,yes
4306508807,Educación y ciencia (ISSN 2448-525X),Educación y ciencia,yes
4306509073,El Cronista del Estado Social y Democrático de Derecho - ISSN 1889-0016,El Cronista del Estado Social y Democrático de Derecho,yes
4306509132,e-Legal History Review - ISSN 1699-5317,e-Legal History Review,yes
4306509180,Élisée - Revista de Geografia da UEG (ISSN 2316-4360),Élisée - Revista de Geografia da UEG,yes
4306509294,ENCONTROS COM A FILOSOFIA - ISSN 2317-6628,ENCONTROS COM A FILOSOFIA,yes
4306510793,"Fórum de Integração Ensino, Pesquisa, Extensão e Inovação Tecnológica do IFRR - e-ISSN 2447-1208","Fórum de Integração Ensino, Pesquisa, Extensão e Inovação Tecnológica do IFRR",yes
4306510918,FronteiraZ. Revista do Programa de Estudos Pós-Graduados em Literatura e Crítica Literária. ISSN 1983-4373,FronteiraZ. Revista do Programa de Estudos Pós-Graduados em Literatura e Crítica Literária,yes
4306511063,Gading Journal for Social Sciences (e-ISSN 2600-7568),Gading Journal for Social Sciences,yes
4306511419,Gestão Pública: Práticas e Desafios - ISSN: 2177-1243,Gestão Pública: Práticas e Desafios,yes
4306512523,Hypnos. Revista do Centro de Estudos da Antiguidade. ISSN 2177-5346,Hypnos. Revista do Centro de Estudos da Antiguidade,yes
4306512928,III Seminário Internacional História do Tempo Presente  - ISSN 2237 4078,III Seminário Internacional História do Tempo Presente,yes
4306512940,II Seminário Internacional História do Tempo Presente - ISSN 2237 4078,II Seminário Internacional História do Tempo Presente,yes
4306513416,"INOVAE - Journal of Engineering, Architecture and Technology Innovation (ISSN 2357-7797)","INOVAE - Journal of Engineering, Architecture and Technology Innovation",yes
4306513598,Intercâmbio. Revista do Programa de Estudos Pós-Graduados em Linguística Aplicada e Estudos da Linguagem. ISSN 2237-759X,Intercâmbio. Revista do Programa de Estudos Pós-Graduados em Linguística Aplicada e Estudos da Linguagem,yes
4306513617,Interespe. Interdisciplinaridade e Espiritualidade na Educação. ISSN 2179-7498,Interespe. Interdisciplinaridade e Espiritualidade na Educação,yes
4306514234,Intertem@s ISSN 1677-1281,Intertem@s,yes
4306514459,I Seminário Internacional História do Tempo Presente - ISSN 2237 4078,I Seminário Internacional História do Tempo Presente,yes
4306514526,자폐성장애연구 [ISSN 2005-1778 (Print) / 2671-6992 (Online)],자폐성장애연구,yes
4306515346,Journal of Asian and African Social Science and Humanities (ISSN 2413-2748),Journal of Asian and African Social Science and Humanities,yes
4306516051,Journal of Science and Research: Revista Ciencia e Investigación. ISSN 2528-8083,Journal of Science and Research: Revista Ciencia e Investigación,yes
4306516941,Jurnal Momentum  ISSN 1693-752X,Jurnal Momentum,yes
4306517243,Kairós. Revista da Faculdade de Ciências Humanas e Saúde. ISSN 2176-901X,Kairós. Revista da Faculdade de Ciências Humanas e Saúde,yes
4306517290,KARMAPATI (Kumpulan Artikel Mahasiswa Pendidikan Teknik Informatika) ISSN: 2252-9063,KARMAPATI (Kumpulan Artikel Mahasiswa Pendidikan Teknik Informatika),yes
4306518390,Leitura Flutuante. Revista do Centro de Estudos em Semiótica e Psicanálise. ISSN 2175-7291,Leitura Flutuante. Revista do Centro de Estudos em Semiótica e Psicanálise,yes
4306518628,LÍBERO. ISSN impresso: 1517-3283 / ISSN online: 2525-3166,LÍBERO,yes
4306518742,"Língua, Literatura e Ensino - ISSN 1981-6871","Língua, Literatura e Ensino",yes
4306522245,Pensamento & Realidade. Revista do Programa de Estudos Pós-Graduados em Administração - FEA. ISSN 2237-4418,Pensamento & Realidade. Revista do Programa de Estudos Pós-Graduados em Administração - FEA,yes
4306522367,Pesquisa & Debate. Revista do Programa de Estudos Pós-Graduados em Economia Política. ISSN 1806-9029,Pesquisa & Debate. Revista do Programa de Estudos Pós-Graduados em Economia Política,yes
4306522824,Ponto-e-Vírgula. Revista de Ciências Sociais. ISSN 1982-4807,Ponto-e-Vírgula. Revista de Ciências Sociais,yes
4306524540,Projeto História. Revista do Programa de Estudos Pós-Graduados de História. ISSN 2176-2767,Projeto História. Revista do Programa de Estudos Pós-Graduados de História,yes
4306525051,Purakala with ISSN 0971-2143 is an UGC CARE Journal,Purakala,yes
4306525382,RAUnP - ISSN 1984-4204 - Digital Object Identifier (DOI): http://dx.doi.org/10.21714/raunp.,RAUnP,yes
4306525555,REFCalE: Revista Electrónica Formación y Calidad Educativa. ISSN 1390-9010,REFCalE: Revista Electrónica Formación y Calidad Educativa,yes
4306525646,REGRAD - Revista Eletrônica de Graduação do UNIVEM - ISSN 1984-7866,REGRAD - Revista Eletrônica de Graduação do UNIVEM,yes
4306525877,"Research Report Series of IASI-CNR, Rome, Italy (ISSN: 1128-3378)","Research Report Series of IASI-CNR, Rome, Italy",yes
4306525988,REVELETEO - Revista Eletrônica Espaço Teológico. ISSN 2177-952x,REVELETEO - Revista Eletrônica Espaço Teológico,yes
4306526097,Revista Aporia Jurídica - ISSN 2358-5056,Revista Aporia Jurídica,yes
4306526136,Revista Asociación Latinoamericana de Ciencias Neutrosóficas. ISSN 2574-1101,Revista Asociación Latinoamericana de Ciencias Neutrosóficas,yes
4306526179,Revista Brasileira de Educação e Cultura | RBEC | ISSN 2237-3098,Revista Brasileira de Educação e Cultura | RBEC,yes
4306526197,Revista Brasileira de Gestão e Engenharia | RBGE | ISSN 2237-1664,Revista Brasileira de Gestão e Engenharia | RBGE,yes
4306526384,REVISTA CONGREGA - MOSTRA DE PROJETOS COMUTÁRIOS E EXTENSÃO ISSN 4176-2526,REVISTA CONGREGA - MOSTRA DE PROJETOS COMUTÁRIOS E EXTENSÃO,yes
4306526385,REVISTA CONGREGA - MOSTRA DE TRABALHOS DE CONCLUSÃO DE CURSO - ISSN 2595-3605,REVISTA CONGREGA - MOSTRA DE TRABALHOS DE CONCLUSÃO DE CURSO,yes
4306526484,Revista da Academia Sergipana de Letras - ISSN 2594-5386,Revista da Academia Sergipana de Letras,yes
4306526485,Revista da AcBO - ISSN 2316-7262,Revista da AcBO,yes
4306526535,Revista de Administração da UEG (ISSN 2236-1197),Revista de Administração da UEG,yes
4306526594,Revista de Ciencias Farmaceúticas y Biomedicina (ISSN:2448-8380),Revista de Ciencias Farmaceúticas y Biomedicina,yes
4306526667,Revista de Economía & Administración E-ISSN 2463-1035 ISSN 1794-7561,Revista de Economía & Administración,yes
4306526669,REVISTA DE ECONOMIA DA UEG (ISSN 1809-970X),REVISTA DE ECONOMIA DA UEG,yes
4306527030,Revista de Produção Discente em Educação Matemática. ISSN 2238-8044,Revista de Produção Discente em Educação Matemática,yes
4306527128,Revista do EDICC - ISSN 2317-3815,Revista do EDICC,yes
4306527142,Revista do Núcleo de Estudos de Religião e Sociedade (NURES). ISSN 1981-156X,Revista do Núcleo de Estudos de Religião e Sociedade (NURES),yes
4306527148,Revista do SETA - ISSN 1981-9153,Revista do SETA,yes
4306527199,Revista Electrónica de Investigación e Innovación Educativa-REIIE<br> ISSN: 2448-556X,Revista Electrónica de Investigación e Innovación Educativa-REIIE,yes
4306527218,Revista Eletrônica da Pós-Graduação da Cásper Líbero - ISSN 2176-6231,Revista Eletrônica da Pós-Graduação da Cásper Líbero,yes
4306527220,Revista Eletrônica de Biologia (REB). ISSN 1983-7682,Revista Eletrônica de Biologia (REB),yes
4306527242,Revista Eletrónica KULONGESA – TES. ISSN 2707-353X,Revista Eletrónica KULONGESA – TES,yes
4306527347,Revista Expedições: Teoria da História e Historiografia (ISSN 2179-6386),Revista Expedições: Teoria da História e Historiografia,yes
4306527363,Revista FAROCIENCIA                                                                                                    (ISSN 2359-1846),Revista FAROCIENCIA,yes
4306527402,Revista General de Derecho Administrativo - ISSN 1696-9650,Revista General de Derecho Administrativo,yes
4306527404,Revista General de Derecho Canónico y Derecho Eclesiástico del Estado - ISSN 1696-9669,Revista General de Derecho Canónico y Derecho Eclesiástico del Estado,yes
4306527405,Revista General de Derecho Constitucional - ISSN 1886-6212,Revista General de Derecho Constitucional,yes
4306527407,Revista General de Derecho del Trabajo y de la Seguridad Social - ISSN 1696-9626,Revista General de Derecho del Trabajo y de la Seguridad Social,yes
4306527409,Revista General de Derecho Europeo / General Journal of European Law - ISSN 1696-9634,Revista General de Derecho Europeo / General Journal of European Law,yes
4306527412,Revista General de Derecho Penal - ISSN 1698-1189,Revista General de Derecho Penal,yes
4306527413,Revista General de Derecho Procesal - ISSN 1696-9642,Revista General de Derecho Procesal,yes
4306527414,Revista General de Derecho Público Comparado - ISSN 1988-5091,Revista General de Derecho Público Comparado,yes
4306527416,Revista General de Derecho Romano - ISSN 1697-3046,Revista General de Derecho Romano,yes
4306527497,Revista Iberoamericana para la Investigación y el Desarrollo Educativo ISSN: 2007-2619,Revista Iberoamericana para la Investigación y el Desarrollo Educativo,yes
4306527515,"Revista Ingeniería Electrónica, Automática y Comunicaciones  ISSN: 1815-5928","Revista Ingeniería Electrónica, Automática y Comunicaciones",yes
4306527519,Revista Ininga - ISSN 2359-2265,Revista Ininga,yes
4306527527,Revista Intellector - ISSN 1807-1260 - [CENEGRI],Revista Intellector - [CENEGRI],yes
4306527548,Revista Interdisciplinar Encontro das Ciências - RIEC | ISSN: 2595-0959 |,Revista Interdisciplinar Encontro das Ciências - RIEC,yes
4306527552,Revista INTERFACE - UFRN/CCSA ISSN Eletrônico 2237-7506,Revista INTERFACE - UFRN/CCSA,yes
4306527678,Revista MATUA  ISSN: 2389-7422,Revista MATUA,yes
4306527703,Revista Metropolitana de Sustentabilidade (ISSN 2318-3233),Revista Metropolitana de Sustentabilidade,yes
4306527772,Revista Multidisciplinar Pey Këyo Científico - ISSN 2525-8508,Revista Multidisciplinar Pey Këyo Científico,yes
4306527801,Revista Órbita Pedagógica. ISSN 2409-0131,Revista Órbita Pedagógica,yes
4306527826,Revista Pertinencia Académica. ISSN 2588-1019,Revista Pertinencia Académica,yes
4306527843,Revista Plurais - Virtual (ISSN 2238-3751),Revista Plurais - Virtual,yes
4306527947,Revista Sinais - ISSN: 1981-3988,Revista Sinais,yes
4306527962,Revista TechnoEng - ISSN 2178-3586,Revista TechnoEng,yes
4306528550,RiMe. Rivista dell'Istituto di Storia dell'Europa Mediterranea (ISSN 2035-794X),RiMe. Rivista dell'Istituto di Storia dell'Europa Mediterranea,yes
4306529565,SEMINÁRIO INTEGRADO - ISSN 1983-0602,SEMINÁRIO INTEGRADO,yes
4306530050,Sínteses - ISSN 1981-1314,Sínteses,yes
4306531473,Synesis (ISSN 1984-6754),Synesis,yes
4306531602,Tathapi with ISSN 2320-0693 is an UGC CARE Journal,Tathapi,yes
4306531730,Tehlikedeki Diller Dergisi - ISSN: 2148-130X,Tehlikedeki Diller Dergisi,yes
4306531776,TEMA - Revista Eletrônica de Ciências      (ISSN 2175-9553),TEMA - Revista Eletrônica de Ciências,yes
4306533350,"TROPOS: COMUNICAÇÃO, SOCIEDADE E CULTURA (ISSN: 2358-212X)","TROPOS: COMUNICAÇÃO, SOCIEDADE E CULTURA",yes
4306533461,Turkish International Journal of Special Education and Guidance & Counselling (TIJSEG) ISSN: 1300-7432,Turkish International Journal of Special Education and Guidance & Counselling (TIJSEG),yes
4306534231,Via Litterae (ISSN 2176-6800),Via Litterae,yes
4306535218,XVI ENEQ/X EDUQUI - ISSN: 2179-5355,XVI ENEQ/X EDUQUI,yes
4306536952,سلسلة الآداب والعلوم الإنسانية  ISSN: 2079-3049,سلسلة الآداب والعلوم الإنسانية,yes
4306536953,سلسلة العلوم الأساسية  ISSN: 2079-3057,سلسلة العلوم الأساسية,yes
4306536954,سلسلة العلوم الاقتصادية والقانونية ISSN: 2079-3073,سلسلة العلوم الاقتصادية والقانونية,yes
4306536955,سلسلة العلوم البيولوجية  ISSN: 2079-3065,سلسلة العلوم البيولوجية,yes
4306536956,سلسلة العلوم الصحية ISSN: 2079-309X,سلسلة العلوم الصحية,yes
4306536957,سلسلة العلوم الهندسية ISSN: 2079-3081,سلسلة العلوم الهندسية,yes
4306539381,История российской психологии в лицах: Дайджест - ISSN 2415-7953 (РИНЦ),История российской психологии в лицах: Дайджест (РИНЦ),yes
4306540086,Публични политики.BG (ISSN 1314-2313) Public Policy.bg,Публични политики.BG Public Policy.bg,yes
4386621826,Journal of Resilient Economies (ISSN 2653-1917),Journal of Resilient Economies,yes
4387278710,Journal of Al-Rafidain University College For Sciences ( Print ISSN 1681-6870 Online ISSN 2790-2293 ),Journal of Al-Rafidain University College For Sciences,yes
4387278800,International Journal For Research In Agricultural And Food Science (ISSN 2208-2719),International Journal For Research In Agricultural And Food Science,yes
4387281301,Journal of Applied Humanities and Social Sciences- ISSN 2791-1594,Journal of Applied Humanities and Social Sciences,yes
4387282522,ABDIMAS EKODIKSOSIORA Jurnal Pengabdian Kepada Masyarakat Ekonomi Pendidikan dan Sosial Humaniora (e-ISSN 2809-3917),ABDIMAS EKODIKSOSIORA Jurnal Pengabdian Kepada Masyarakat Ekonomi Pendidikan dan Sosial Humaniora,yes
4387282644,AL-MIKRAJ Jurnal Studi Islam dan Humaniora (E-ISSN 2745-4584),AL-MIKRAJ Jurnal Studi Islam dan Humaniora,yes
4387282899,AN-ICON Studies in Environmental Images [ISSN 2785-7433],AN-ICON Studies in Environmental Images,yes
4387282960,Controvérsia (UNISINOS) - ISSN 1808-5253,Controvérsia (UNISINOS),yes
4387283127,Revista PSIDIAL Psicología y Diálogo de Saberes ISSN 2806-5972,Revista PSIDIAL Psicología y Diálogo de Saberes,yes
4387284953,Revista Coralina (ISSN 2675-1399),Revista Coralina,yes
4387285292,JOURNAL SCIENTIFIC OF MANDALIKA (JSM) e-ISSN 2745-5955 | p-ISSN 2809-0543,JOURNAL SCIENTIFIC OF MANDALIKA (JSM),yes
4387285504,Revista Mirante (ISSN 1981-4089),Revista Mirante,yes
4387286069,Revista Territorial (ISSN 2317-0360),Revista Territorial,yes
4387286308,Global Journal of Novel Research in Applied Sciences (NRAS) [ISSN 2583-4487],Global Journal of Novel Research in Applied Sciences (NRAS),yes
4387286313,Global Journal of Management and Sustainability (MAS) [ISSN 2583-4460],Global Journal of Management and Sustainability (MAS),yes
4387286315,Global Journal of Pharma and Paramedical Research(PPMR) [ISSN 2583-4479],Global Journal of Pharma and Paramedical Research(PPMR),yes
4387288509,Revista Plurais - Virtual (e-ISSN 2238-3751 - ISSN 1984-3941),Revista Plurais - Virtual,yes
4387288837,International Peer Reviewed E Journal of English Language & Literature Studies - ISSN 2583-5963,International Peer Reviewed E Journal of English Language & Literature Studies,yes
4387288856,IAAR Journal of Education - ISSN 2583-6846 Peer-Reviewed Journal,IAAR Journal of Education Peer-Reviewed Journal,yes
4387289387,TEACHING AND LEARNING JOURNAL OF MANDALIKA (TEACHER) e- ISSN 2721-9666,TEACHING AND LEARNING JOURNAL OF MANDALIKA (TEACHER),yes
4387289977,JOURNAL SPORT SCIENCE HEALTH AND TOURISM OF MANDALIKA (JONTAK) e-ISSN 2722-3116,JOURNAL SPORT SCIENCE HEALTH AND TOURISM OF MANDALIKA (JONTAK),yes
4387291064,Journal of Knowledge Learning and Science Technology ISSN 2959-6386 (online),Journal of Knowledge Learning and Science Technology,yes
4387291463,International Journal of Social Science and Humanities Research (IJSSHR) ISSN 2959-7056 (o) 2959-7048 (p),International Journal of Social Science and Humanities Research (IJSSHR),yes
4389157714,International Journal of  Innovations and  Interdisciplinary Research (IJIIR) ISSN 3005-4885 (p) 3005-4893(o),International Journal of Innovations and Interdisciplinary Research (IJIIR),yes
4389158004,Prosiding Seminar Nasional Forum Manajemen Indonesia - e-ISSN 3026-4499,Prosiding Seminar Nasional Forum Manajemen Indonesia,yes
4389158051,Nigeria Journal of Home Economics (ISSN 2782-8131),Nigeria Journal of Home Economics,yes
4389158227,Reviewed Journal International of Business Management [ISSN 2663-127X],Reviewed Journal International of Business Management,yes
4390297168,Divine Word International Journal of Management and Humanities (DWIJMH) (ISSN 2980-4817),Divine Word International Journal of Management and Humanities (DWIJMH),yes
4394708423,mLAC Journal for Arts Commerce and Sciences (m-JACS) ISSN 2584-1920,mLAC Journal for Arts Commerce and Sciences (m-JACS),yes
4394735856,Nigerian Journal of Life Sciences (ISSN 2276-7029),Nigerian Journal of Life Sciences,yes
5406941818,Journal of Recent Advances in Applied Sciences (pISSN 0970-1990),Journal of Recent Advances in Applied Sciences,yes
5406970765,Revista Filosofia Capital - ISSN 1982-6613,Revista Filosofia Capital,yes
5406999711,Revista Salud y Bienestar social [ISSN 2448-7767],Revista Salud y Bienestar social,yes
5407001807,Journal of Virology and Emerging Diseases ( ISSN 2471-822X ),Journal of Virology and Emerging Diseases,yes
5407011456,Revista Educação & Ensino - ISSN 2594-4444,Revista Educação & Ensino,yes
5407023187,Journal of Computational Science and Applications (JCSA) ISSN 3079-0867 (Onilne),Journal of Computational Science and Applications (JCSA),yes
5407025975,Open Journal of Linguistics and Literature (ISSN 2734-2131),Open Journal of Linguistics and Literature,yes
5407026490,Journal Transformation of Mandalika e-ISSN 2745-5882 p-ISSN 2962-2956,Journal Transformation of Mandalika,yes
5407027832,REVISTA DE CIÊNCIAS SOCIAIS DA UEMS - ISSN 2764-0655,REVISTA DE CIÊNCIAS SOCIAIS DA UEMS,yes
5407039841,A R International Health Beacon Journal (ISSN 2966-2168),A R International Health Beacon Journal,yes
5407043178,Journal of Artificial Intelligence General science (JAIGS) ISSN 3006-4023,Journal of Artificial Intelligence General science (JAIGS),yes
5407045597,Jurnal Kajian Hukum Dan Kebijakan Publik | E-ISSN 3031-8882,Jurnal Kajian Hukum Dan Kebijakan Publik,yes
5407048122,LATTE A Journal of Language Culture and Technology ISSN 3063-0754,LATTE A Journal of Language Culture and Technology,yes
5407048356,Jurnal Akuntansi Keuangan Dan Perpajakan | E-ISSN 3063-8208,Jurnal Akuntansi Keuangan Dan Perpajakan,yes
5407048385,Journal of Business Economics and Management | E-ISSN 3063-8968,Journal of Business Economics and Management,yes
5407048392,Journal Educational Research and Development | E-ISSN 3063-9158,Journal Educational Research and Development,yes
5407048404,Journal of Media and Communication | E-ISSN 3063-9581,Journal of Media and Communication,yes
5407048423,Jurnal Sains Dan Teknologi | E-ISSN 3063-9980,Jurnal Sains Dan Teknologi,yes
5407048438,Journal of Religion and Social Community | E-ISSN 3064-0326,Journal of Religion and Social Community,yes
5407049034,Ibero Ciencias - Revista Científica y Académica - ISSN 3072-7197,Ibero Ciencias - Revista Científica y Académica,yes
5407049035,Revista de Investigaciones sobre Fronteras - ISSN 3072-7316,Revista de Investigaciones sobre Fronteras,yes
5407049126,The International Journal of Language Studies (ISSN 3078 - 2244),The International Journal of Language Studies,yes
5407049270,Journal of Interdisciplinary Social Sciences Review ISSN 3078-8358,Journal of Interdisciplinary Social Sciences Review,yes
5407050244,InnovaSciT ISSN 3091-1826,InnovaSciT,yes
5407050519,REVISTA CIENTIFICA UNANCHAY ISSN 2953-6707,REVISTA CIENTIFICA UNANCHAY,yes
5407051217,Global Journal of Management Accounting and Financial Studies e-ISSN 3109-1539,Global Journal of Management Accounting and Financial Studies,yes
5407051817,Jurnal Statistika Terapan (ISSN 2807-6214),Jurnal Statistika Terapan,yes
5407052332,Revista Iniciativa Econômica - ISSN 2358-5951,Revista Iniciativa Econômica,yes
5407053342,Dijlah Journal of Medical Sciences P-ISSN 3078-3178 E-ISSN 3078-8625,Dijlah Journal of Medical Sciences,yes
5407054049,International Journal of Medicine & Health Research (IJMHR) (ISSN 2395-3586),International Journal of Medicine & Health Research (IJMHR),yes
5407054363,Journal of Management and Business Review | E-ISSN 3090-3491,Journal of Management and Business Review,yes
5407054667,Gading Journal for the Social Sciences (e-ISSN 2600-7568),Gading Journal for the Social Sciences,yes
5407054859,Open Journal of Business Theology (ISSN 2788-709X),Open Journal of Business Theology,yes
5407054877,Journal of Ethical Innovation and Impact (ISSN 3105-0808),Journal of Ethical Innovation and Impact,yes
5407054878,Open Journal of Stigmatized Knowledge & Suppressed Discourses (ISSN 3105-3033),Open Journal of Stigmatized Knowledge & Suppressed Discourses,yes
5407054879,Open Journal of Science Philosophy & Theology (ISSN 3105-3041),Open Journal of Science Philosophy & Theology,yes
5407054880,Open Journal of Transformative Education & Lifelong Learning (ISSN 3105-305X),Open Journal of Transformative Education & Lifelong Learning,yes
5407054881,Open Journal of Stewardship Economics & Ethical Innovation (ISSN 3105-3068),Open Journal of Stewardship Economics & Ethical Innovation,yes
5407054882,Open Journal of AI Ethics & Society (ISSN 3105-3076),Open Journal of AI Ethics & Society,yes
5407056512,Jurnal Teknologi Pendidikan Dan Pembelajaran | E-ISSN 3026-6629,Jurnal Teknologi Pendidikan Dan Pembelajaran,yes
5407056529,Journal of Electrical Engineering and Computer Science (JEECS) | E-ISSN 3089-5952,Journal of Electrical Engineering and Computer Science (JEECS),yes
7407055665,Jurnal Ilmu Psikologi dan Kesehatan | E-ISSN 3063-1467,Jurnal Ilmu Psikologi dan Kesehatan,yes
7407057175,Jurnal Ilmu Manajemen dan Pendidikan | E-ISSN 3062-7788,Jurnal Ilmu Manajemen dan Pendidikan,yes
7407057235,Revista Multidisciplinar Investigium - ISSN 3121-259X,Revista Multidisciplinar Investigium,yes
7407057289,Dijlah Journal of Engineering Sciences ISSN 3078-9664 e-ISSN 3078-9656,Dijlah Journal of Engineering Sciences,yes
7407058091,Leteo (ISSN 2954-3517) Revista de Investigación y Producción en Humanidades,Leteo Revista de Investigación y Producción en Humanidades,yes
7407058499,Jurnal Ilmu Komputer dan Informatika | E-ISSN 3063-9026,Jurnal Ilmu Komputer dan Informatika,yes
7407058510,Revista INEMATD SCIENCE - ISSN 3122-4091,Revista INEMATD SCIENCE,yes
7407059308,Journal of Nursing Education Insights and Research (e-ISSN 3139-3829),Journal of Nursing Education Insights and Research,yes
7407059348,IJDIS - ISSN 3136-0610,IJDIS,yes
7407062842,Revista Científica Humanidades - ISSN 3007-7354,Revista Científica Humanidades,yes
7407063731,Isin Journal for Archaeology History and Ancient Languages (ISSN 2709-0299),Isin Journal for Archaeology History and Ancient Languages,yes
7407064759,CATHEDRA IURIS ISSN 3086-7444,CATHEDRA IURIS,yes
7407064765,Revista Agroveterinária do Sul de Minas - ISSN 2674-9661,Revista Agroveterinária do Sul de Minas,yes
7407064836,Medicinae Signum ISSN 3007-9527,Medicinae Signum,yes
7407065339,Revista Filoteológica - ISSN 2763-7549,Revista Filoteológica,yes
7407065439,Journal of East-West Thought (JET) ISSN (O) : 2168-2259 UGC CARE I,Journal of East-West Thought (JET),yes
7407065457,"NJINGA e SEPÉ: Revista Internacional de Culturas, Línguas Africanas e Brasileiras (ISSN: 2764-1244)","NJINGA e SEPÉ: Revista Internacional de Culturas, Línguas Africanas e Brasileiras",yes
7407065532,Ratio Iuris. Revista de Derecho ISSN: 2347-0151,Ratio Iuris. Revista de Derecho,yes
7407065534,Argentinian Journal of Applied Linguistics - ISSN 2314-3576,Argentinian Journal of Applied Linguistics,yes
7407065637,Revista Científica Multidisciplinaria HEXACIENCIAS. ISSN: 3028-8657,Revista Científica Multidisciplinaria HEXACIENCIAS,yes
7407065663,NEXOS CIENTÍFICOS - ISSN 2773-7489,NEXOS CIENTÍFICOS,yes
7407065672,"DAROM, Revista de Estudios Judíos. eISSN 2659-8272 / Depósito Legal: GR 1093 2019","DAROM, Revista de Estudios Judíos",yes
7407065791,Revista Científica PROciencias ISSN 3121-2972,Revista Científica PROciencias,yes
7407065839,Intertem@s ISSN 1677-1281 DIREITO,Intertem@s DIREITO,yes
7407065876,Anais Colóquio Estadual de Pesquisa Multidisciplinar (ISSN-2527-2500),Anais Colóquio Estadual de Pesquisa Multidisciplinar,yes
7407065936,Revista InveCom / ISSN en línea: 2739-0063,Revista InveCom,yes
7407066052,Machadiana Eletrônica (ISSN 2594-5084),Machadiana Eletrônica,yes
7407066188,ldealistic Journal of Advanced Research in Progressive Spectrums (IJARPS) eISSN– 2583-6986,ldealistic Journal of Advanced Research in Progressive Spectrums (IJARPS),yes
7407066295,Anais do Congresso de Ginástica para Todos (ISSN 2674-9998),Anais do Congresso de Ginástica para Todos,yes
7407066338,"Сельскохозяйственный журнал ISSN (Print): 2687-1246, ISSN (Online): 2687-1254",Сельскохозяйственный журнал,yes
7407066441,Via Litterae (ISSN 2176-6800): Revista de Linguística e Teoria Literária,Via Litterae: Revista de Linguística e Teoria Literária,yes
7407066512,MetaLinguagens (Área Temática: Letras e Linguística - ISSN 2358-2790),MetaLinguagens,yes
7407066549,Congressos e Encontros Nacionais da Gestalt-Terapia Brasileira (ISSN: 2179-5673),Congressos e Encontros Nacionais da Gestalt-Terapia Brasileira,yes
7407066556,Semana da Diversidade Humana (ISSN: 2675-1127),Semana da Diversidade Humana,yes
7407066574,Intertemas ISSN 1516-8158,Intertemas,yes
7407066668,Srinakharinwirot University Dental Journal (E-ISSN 2774-0811),Srinakharinwirot University Dental Journal,yes
7407066690,Journal of Interdisciplinary Research (ISSN: 2408-1906),Journal of Interdisciplinary Research,yes
7407066854,Revista Electrónica KULONGESA – TES. ISSN 2707-353X,Revista Electrónica KULONGESA – TES,yes
7407066882,Prospectus (ISSN: 2674-8576),Prospectus,yes
7407066924,"Anais da Feira de Ensino, Pesquisa e Extensão do Instituto Federal Catarinense Campus Fraiburgo - e-ISSN 2594-5572","Anais da Feira de Ensino, Pesquisa e Extensão do Instituto Federal Catarinense Campus Fraiburgo",yes
7407067067,Anais do Encontro de Computação do Oeste Potiguar ECOP/UFERSA (ISSN 2526-7574),Anais do Encontro de Computação do Oeste Potiguar ECOP/UFERSA,yes
7407067133,Revista Norte Científico - e-ISSN 2236-2940,Revista Norte Científico,yes
7407067281,IJO - International Journal of Educational Research (E.ISSN: 2805-413X) (P.ISSN: 2536-6696),IJO - International Journal of Educational Research,yes
7407067325,Journal of Contemporary Social Science and Education Studies (JOCSSES) E-ISSN- 2785-8774,Journal of Contemporary Social Science and Education Studies (JOCSSES),yes
7407067427,"Edu Journal of International Affairs and Research, ISSN: 2583-9993",Edu Journal of International Affairs and Research,yes
7407067521,Revista Diálogos: Economia e Sociedade (ISSN: 2594-4320),Revista Diálogos: Economia e Sociedade,yes
7407067552,Borneo International Journal eISSN 2636-9826,Borneo International Journal,yes
7407067579,"Uluslararası Turizm, Ekonomi ve İşletme Bilimleri Dergisi (IJTEBS) E-ISSN: 2602-4411","Uluslararası Turizm, Ekonomi ve İşletme Bilimleri Dergisi (IJTEBS)",yes
7407067661,"Supply Chain Insider | ISSN: 2617-7420 (Print), 2617-7420 (Online)",Supply Chain Insider,yes
7407067689,"International Journal of Islamic Thoughts ISSN: 2306-7012 (Print), 2313-5700 (Online)",International Journal of Islamic Thoughts,yes
7407067744,Nova Hileia | Revista Eletrônica de Direito Ambiental da Amazônia. ISSN: 2525 – 4537,Nova Hileia | Revista Eletrônica de Direito Ambiental da Amazônia,yes
7407067791,Jurnal Pendidikan Sains dan Teknologi Terapan | E-ISSN : 3031-7983,Jurnal Pendidikan Sains dan Teknologi Terapan,yes
7407067862,Revista Paata Eeseru em Turismo - e-ISSN 2966-2206,Revista Paata Eeseru em Turismo,yes
7407067911,REKOGNISI : Jurnal Pendidikan dan Kependidikan (E-ISSN 2599-2260),REKOGNISI : Jurnal Pendidikan dan Kependidikan,yes
7407067940,Revista Scientia Rural - ISSN 2178-3608,Revista Scientia Rural,yes
7407067981,Uluslararası Peyzaj Mimarlığı Araştırmaları Dergisi (IJLAR) E-ISSN:2602-4322,Uluslararası Peyzaj Mimarlığı Araştırmaları Dergisi (IJLAR),yes
7407068045,Equidade: Revista Eletrônica de Direito da UEA - ISSN: 2675-5394,Equidade: Revista Eletrônica de Direito da UEA,yes
7407068095,Aprendendo Ciência (ISSN 2237-8766),Aprendendo Ciência,yes
7407068105,Scientia Oralis Salutem ISSN 2789-2794,Scientia Oralis Salutem,yes
7407068141,International Journal of Cultural Inheritance & Social Sciences ISSN: 2632-7597,International Journal of Cultural Inheritance & Social Sciences,yes
7407068202,Ciencias Económicas ISSN- 2788-6425,Ciencias Económicas,yes
7407075274,Ajasraa ISSN 2278-3741 UGC CARE 1,Ajasraa,yes
7407075291,SSRJ | Social Sciences Research Journal | e-ISSN: 2147-5237 | Frequency: Continuous Publication | Dates of Publication: 2012- 9999 | International Academic Journal,SSRJ | Social Sciences Research Journal,yes
7407075363,"Journal of the Oriental Institute, ISSN:0030-5324 UGC CARE Group 1",Journal of the Oriental Institute,yes
7407075374,Anais da Mostra de Iniciação Científica do Instituto Federal Catarinense Campus Concórdia - ISSN 2317-8671,Anais da Mostra de Iniciação Científica do Instituto Federal Catarinense Campus Concórdia,yes
7407075501,"Sampreshan, ISSN:2347-2979 UGC CARE Group 1",Sampreshan,yes
7407075602,Proceedings Borneo Islamic International Conference eISSN 2948-5045,Proceedings Borneo Islamic International Conference,yes
7407075645,Perspectivas: revista científica de la Universidad de Belgrano - ISSN 2618-2246,Perspectivas: revista científica de la Universidad de Belgrano,yes
7407075729,วารสารวิชาการคณะเทคโนโลยีอุตสาหกรรม มหาวิทยาลัยราชภัฏเทพสตรี The Journal of Industrial Technology Thepsatri Rajabhat UniversityISSN 3027-849X (Online),วารสารวิชาการคณะเทคโนโลยีอุตสาหกรรม มหาวิทยาลัยราชภัฏเทพสตรี The Journal of Industrial Technology Thepsatri Rajabhat University,yes
7407075857,Revista do Seminário Internacional de Estatística com R | ISSN: 2526-7299,Revista do Seminário Internacional de Estatística com R,yes
7407075956,"REVISTA EDUCAÇÃO, LINGUAGEM E TECNOLOGIAS - ISSN 26755718","REVISTA EDUCAÇÃO, LINGUAGEM E TECNOLOGIAS",yes
7407076001,AJAR | Asian Journal of Academic Research (ISSN: 2790-9379),AJAR | Asian Journal of Academic Research,yes
7407076081,"Збірник матеріалів Всеукраїнської конференції молодих учених ""Інформаційні технології"" (ISSN: 2664-2638)","Збірник матеріалів Всеукраїнської конференції молодих учених ""Інформаційні технології""",yes
7407076149,REVISTA CIENTÍFICA ELETRÔNICA DA FACULDADE DE PIRACANJUBA - ISSN 2764-4960,REVISTA CIENTÍFICA ELETRÔNICA DA FACULDADE DE PIRACANJUBA,yes
7407076183,REVISTA AGON - Ἀγών - ISSN: 2965-422X,REVISTA AGON - Ἀγών,yes
7407076185,Revista Balaio Acadêmico - ISSN 2966-1838,Revista Balaio Acadêmico,yes
7407076271,"EVOCATIO: Revista luso-brasileira de Filosofia, Artes e Cultura - ISSN: 2965-4254","EVOCATIO: Revista luso-brasileira de Filosofia, Artes e Cultura",yes
7407076295,JAMMO ISSN 2146-3328,JAMMO,yes
7407076300,"Acinnet - Journal, Academic Mobility and Innovation ISSN: 2763-7395","Acinnet - Journal, Academic Mobility and Innovation",yes
7407076309,International Journal of Islamic Theology & Civilization (E-ISSN-3009-1551),International Journal of Islamic Theology & Civilization,yes
7407076382,"Research Stream (a Bi-Annual, Open Access, Peer Reviewed International Journal) eISSN 3049-2610",Research Stream,yes
7407076393,General Academic Journals-P-ISSN 3050-8711 and E-ISSN 3050-872X Impact Factor: 0.885,General Academic Journals,yes
7407076444,"International Journal of Unique and New Updates, ISSN: 3079-4722",International Journal of Unique and New Updates,yes
7407076447,The Corporate International [ISSN: 2581-6438 (online)],The Corporate International,yes
7407076483,ANAIS DO LERR - Laboratório de Estudos sobre Religiões e Religiosidades - ISSN 2526-5849,ANAIS DO LERR - Laboratório de Estudos sobre Religiões e Religiosidades,yes
7407076544,Revista Fatec Guarulhos: Gestão Tecnologia & Inovação - ISSN Eletrônico 2448-4458,Revista Fatec Guarulhos: Gestão Tecnologia & Inovação,yes
7407076545,Journal of Production and Automation (JPAUT) ISSN 2595-9573,Journal of Production and Automation (JPAUT),yes
7407076573,"Journal of Advanced Interdisciplinary Studies-p-ISSN 3050-8924 and e-ISSN 3050-8932 , International Peer reviewed Journal,SIF 2.032, Impact Factor: 0.712",Journal of Advanced Interdisciplinary Studies,yes
7407076598,ASES EDUSCI (INTERNATIONAL JOURNAL OF EDUCATIONAL SCIENCES) ISSN: 2822-6844,ASES EDUSCI (INTERNATIONAL JOURNAL OF EDUCATIONAL SCIENCES),yes
7407076655,KB SCHOLARS JOURNAL OF LAW [e-ISSN 3027-2440],KB SCHOLARS JOURNAL OF LAW,yes
7407076736,Indian Journal of Engineering Research Networking and Development (Online ISSN:3048-7676),Indian Journal of Engineering Research Networking and Development,yes
7407076786,Terra Mundus ISSN: 2408-3887,Terra Mundus,yes
7407076937,Anais da Semana dos Povos Indígenas (SPI) (ISSN em fase de registro),Anais da Semana dos Povos Indígenas (SPI),yes
7407076940,Environmental Science & Technology Innovation - ISSN 2965-1158,Environmental Science & Technology Innovation,yes
7407076942,Direito em Revista- ISSN 2178-0390,Direito em Revista,yes
7407076983,"Global Journal on Innovation, Opportunities and Challenges in Applied Artificial Intelligence and Machine Learning [ISSN: 2581-5156 (online)]","Global Journal on Innovation, Opportunities and Challenges in Applied Artificial Intelligence and Machine Learning",yes
7407077092,Malakand University Research Journal of Pashto (Palatana) ISSN:2304-1463,Malakand University Research Journal of Pashto (Palatana),yes
7407077144,"Journal of International English Research Studies (JIERS), ISSN: 3048-5231",Journal of International English Research Studies (JIERS),yes
7407077174,Congressos IGT de Gestalt-Terapia - Anais (ISSN 2318-3977),Congressos IGT de Gestalt-Terapia - Anais,yes
7407077181,"Academic Social Research:(P),(E) ISSN: 2456-2645, Impact Factor: 6.901 Peer-Reviewed, International Refereed Journal",Academic Social Research,yes
7407077214,Encontro de Educação Histórica e Diversidade (ISSN:2965-6974),Encontro de Educação Histórica e Diversidade,yes
7407077255,Journal of Innovative Ideas in Engineering and Technology (ISSN: 2563-3678),Journal of Innovative Ideas in Engineering and Technology,yes
7407077332,REVISTA DE INVESTIGACIÓN ESTADÍSTICA (ISSN: 2708-1125),REVISTA DE INVESTIGACIÓN ESTADÍSTICA,yes
7407077381,ARCENG (INTERNATIONAL JOURNAL OF ARCHITECTURE AND ENGINEERING) ISSN: 2822-6895,ARCENG (INTERNATIONAL JOURNAL OF ARCHITECTURE AND ENGINEERING),yes
7407077424,Revista Experiências e Evidências em Fisioterapia e Saúde - ISSN 2595-7872,Revista Experiências e Evidências em Fisioterapia e Saúde,yes
7407077458,Madonna University journal of Medicine and Health Sciences ISSN: 2814-3035,Madonna University journal of Medicine and Health Sciences,yes
7407077507,"ASES INTERNATIONAL JOURNAL OF CULTURE, ART AND LITERATURE (ISSN: 3023-5480)","ASES INTERNATIONAL JOURNAL OF CULTURE, ART AND LITERATURE",yes
7407077522,Intermedius - Revista de Extensão da UNIFIMES (ISSN: 2764-670X),Intermedius - Revista de Extensão da UNIFIMES,yes
7407077576,International Journal on Recent Advancement in Biotechnology & Nanotechnology [ISSN: 2582-1571 (online)],International Journal on Recent Advancement in Biotechnology & Nanotechnology,yes
7407077715,"Research Work (a Monthly, Open Access, Peer Reviewed International Journal) eISSN 3139-2377",Research Work,yes
7407077774,Global Journal on International Business and Economics Development (Online ISSN: 2581-3447),Global Journal on International Business and Economics Development,yes
7407077971,Saúde.Com-Ciência ISSN: 2594-5890,Saúde.Com-Ciência,yes
7407078014,"The Journal of Arts, Sociology and Humanities (ISSN - 3079-1146)","The Journal of Arts, Sociology and Humanities",yes
7407078136,ART INNOVATION (ISSN: 2713-0924),ART INNOVATION,yes
7407078162,Janak: A Journal of Humanities (e-ISSN 3117-3462),Janak: A Journal of Humanities,yes
7407078379,"Universal Journal of Advanced Studies P-ISSN -3051-0570 ,E-ISSN -3051-0589 Impact Factor: 6.8",Universal Journal of Advanced Studies,yes
7407078457,Europian Journal of Crop Science and Technology P-ISSN 3051-0139 E-ISSN 3051-0147,Europian Journal of Crop Science and Technology,yes
7407078458,Europian Journal of Organic Farming & Agri Practices E ISSN- 3051-0236,Europian Journal of Organic Farming & Agri Practices,yes
7407078459,Europian Journal of Food and Agricultural Policy E-ISSN 3051-0341,Europian Journal of Food and Agricultural Policy,yes
7407078476,Journal of Modern Academic Social Science ISSN: 3056-9958 (Online),Journal of Modern Academic Social Science,yes
7407078497,AXÉUNILAB: Revista Internacional de Estudos de Linguagens na Lusofonia ISSN:3086-2639,AXÉUNILAB: Revista Internacional de Estudos de Linguagens na Lusofonia,yes
7407078512,Proceedings of International Conference on Islamic Economic Finance and Social Finance (ISSN: XXXX-XXXX) (ESSN: XXXX-XXXX),Proceedings of International Conference on Islamic Economic Finance and Social Finance,yes
7407078514,"Jurnal Teknologi Pendidikan, e-ISSN: 3025-5392",Jurnal Teknologi Pendidikan,yes
7407078551,"Zambia Journal of Religion and Contemporary Issues (ZJRCI) - ISSN Online: 2709-6963, ISSN Print: 2411-6254",Zambia Journal of Religion and Contemporary Issues (ZJRCI),yes
7407078652,Journal of Multidisciplinary Islamic Studies eISSN 2785-9223,Journal of Multidisciplinary Islamic Studies,yes
7407078685,"International Journal of Defence and Strategic Studies, ISSN: 3078-4689",International Journal of Defence and Strategic Studies,yes
7407078692,International Journal of Transformation in Applied Mathematics & Statistics [ISSN: 2581-7620 (online)],International Journal of Transformation in Applied Mathematics & Statistics,yes
7407078751,ASES INTERNATIONAL JOURNAL OF HEALTH AND SPORTS SCIENCES (ISSN: 3023-5723),ASES INTERNATIONAL JOURNAL OF HEALTH AND SPORTS SCIENCES,yes
7407078762,Informe Goiano (ISSN 2525-6866),Informe Goiano,yes
7407078770,International Journal of Information Technology Insights & Transformations [ISSN: 2581-5172 (online)],International Journal of Information Technology Insights & Transformations,yes
7407078771,"हिन्द खोज: अंतर्राष्ट्रीय हिन्दी पत्रिका (HIND KHOJ: Antarrashtriya Hindi Patrika), ISSN: 3048-9873",हिन्द खोज: अंतर्राष्ट्रीय हिन्दी पत्रिका (HIND KHOJ: Antarrashtriya Hindi Patrika),yes
7407078822,Jabalpur Journal of Organizational and Developmental Studies p-ISSN 3051-4029 e-ISSN 3051-4037,Jabalpur Journal of Organizational and Developmental Studies,yes
7407078823,JMA Journal of Strategic Management and Interdisciplinary Studies p-ISSN 3051-4045 e-ISSN 3051-4053,JMA Journal of Strategic Management and Interdisciplinary Studies,yes
7407078824,"Journal of South Asian Business, Technology, and Innovation p-ISSN 3117-3446 e-ISSN 3117-3454","Journal of South Asian Business, Technology, and Innovation",yes
7407078872,"International Journal of Sports, Yoga, and Physical Activity, ISSN: 3005-5083","International Journal of Sports, Yoga, and Physical Activity",yes
7407078906,"JMA Journal of Business, Technology, and Society p-ISSN 3051-4177 e-ISSN 3051-4185","JMA Journal of Business, Technology, and Society",yes
7407078937,"AI Tech International Journal, ISSN: 3079-4749",AI Tech International Journal,yes
7407078974,JURNAL PETERNAKAN SILAMPARI (JPS) ISSN: 2089-4791,JURNAL PETERNAKAN SILAMPARI (JPS),yes
7407079101,Revista Ibmec de Direito - ISSN 3085-704X,Revista Ibmec de Direito,yes
7407079182,WAS Science Nature (WASSN) ISSN: 2766-7715,WAS Science Nature (WASSN),yes
7407079291,MediResearch Journal of Health Sciences p-ISSN 3117-4434 e-ISSN 3117-4442,MediResearch Journal of Health Sciences,yes
7407079397,Europian Journal of Agri‑Tech Innovations E-ISSN 3051-0228,Europian Journal of Agri‑Tech Innovations,yes
7407079432,Journal of Convergent Scientific Inquiry (ISSN 3085-8356),Journal of Convergent Scientific Inquiry,yes
7407079443,Global Journal on Recent Advancement in Business Forecasting and Marketing Intelligence [ISSN: 2581-4168 (online)],Global Journal on Recent Advancement in Business Forecasting and Marketing Intelligence,yes
7407079517,ESPACIOS Digital. Revista de Humanidades y Ciencias Sociales de la UNPA (E-ISSN 2953-5166),ESPACIOS Digital. Revista de Humanidades y Ciencias Sociales de la UNPA,yes
7407079530,"Inclusive- A UGC-CARE LISTED JOURNAL, E-ISSN: 2278-9758",Inclusive,yes
7407079532,International Journal of Construction & Architecture Innovations [ISSN: 2581-4184 (online)],International Journal of Construction & Architecture Innovations,yes
7407079565,International Journal Advance Research Publication p-ISSN 3117-5309 e-ISSN 3117-5317,International Journal Advance Research Publication,yes
7407079659,Believers Journal of Health Sciences P-ISSN: 3117-3284 | E-ISSN: 3117-3292,Believers Journal of Health Sciences,yes
7407079683,Recent Trends in Data Mining and Business Forecasting (P-ISSN: 3139-3888),Recent Trends in Data Mining and Business Forecasting,yes
7407079684,Innovation in Economy & Policy Research (P-ISSN: 3139-390X),Innovation in Economy & Policy Research,yes
7407079772,MediResearch Journal of Medicine P:ISSN 3117-3667 E:ISSN 3117-3675,MediResearch Journal of Medicine,yes
7407079818,Journal of Advanced Clinical Implementation and Applied Medical Innovations (ISSN 3085-8348),Journal of Advanced Clinical Implementation and Applied Medical Innovations,yes
7407079828,"International Journal of Agro Studies and Life Sciences, ISSN: 3048-5126",International Journal of Agro Studies and Life Sciences,yes
7407079931,Revista Saúde & Comunidade (ISSN 2764-4421),Revista Saúde & Comunidade,yes
7407080002,Revista Científica Multidisciplinaria Tajy - ISSN: 3105-059X,Revista Científica Multidisciplinaria Tajy,yes
7407080047,International Journal of Recent Development in Computer Technology & Software Applications [ISSN: 2581-6276 (online)],International Journal of Recent Development in Computer Technology & Software Applications,yes
7407080112,Research Gate: Pharmaceutical Science (ISSN: 2319-6831),Research Gate: Pharmaceutical Science,yes
7407080123,"Certified Journal of International Research, ISSN: 3105-6393",Certified Journal of International Research,yes
7407080583,Revista Ação & Sociedade (ISSN 2527-2470),Revista Ação & Sociedade,yes
7407080698,Global Journal of Information Security and Cyber Criminology [ISSN: 2581-7744 (online)],Global Journal of Information Security and Cyber Criminology,yes
7407080919,The GIS-IDEAS Journal ISSN 2759-7369 (Online),The GIS-IDEAS Journal,yes
7407080925,Journal of Integrated Management Studies p-ISSN 3051-3960 e-ISSN 3051-3979,Journal of Integrated Management Studies,yes
7407080926,SAMA Journal of Management Research and Global Trends p-ISSN 3051-4428 e-ISSN 3051-4436,SAMA Journal of Management Research and Global Trends,yes
7407080946,Eğitimde Bilimsel Gelişim Dergisi | e-ISSN: 3062-2654,Eğitimde Bilimsel Gelişim Dergisi,yes
7407080984,"Revista Saberes: Ciências Biológicas, Exatas e Humanas ISSN 2763-6100","Revista Saberes: Ciências Biológicas, Exatas e Humanas",yes
7407081035,International Journal of Social Science and Educational Management p-ISSN 3051-1615 e-ISSN 3051-1623,International Journal of Social Science and Educational Management,yes
7407081036,International Journal of Economics and Financial Administration p-ISSN 3051-0937 e-ISSN 3051-0945,International Journal of Economics and Financial Administration,yes
7407081038,Journal of Circular Economy Innovations p-ISSN 3117-5953 e-ISSN 3117-5961,Journal of Circular Economy Innovations,yes
7407081071,Jornal de Educação Aplicada (JEDAP) e-ISSN 3086-0954,Jornal de Educação Aplicada (JEDAP),yes
7407081083,International Journal of Nexus of Knowledge A Multidisciplinary Journal Online ISSN: 3108-0529,International Journal of Nexus of Knowledge A Multidisciplinary Journal,yes
7407081130,International Journal of Human Research and Social Development p-ISSN 3051-0953 e-ISSN 3051-0961,International Journal of Human Research and Social Development,yes
7407081157,Quantitative and Qualitative Studies in Business and Management (QQSBM) ISSN 2982-2963,Quantitative and Qualitative Studies in Business and Management (QQSBM),yes
7407081204,Nahdlatul Fikr ISSN (Online) 3109-5143,Nahdlatul Fikr,yes
7407081245,Tech Frontiers Journal -p-ISSN 3050-8738 en e-ISSN 3050-8746,Tech Frontiers Journal,yes
7407081246,Europian Journal of Horticultural Sciences E-ISSN 3051-0201,Europian Journal of Horticultural Sciences,yes
7407081364,Europian Journal of Agronomy and Soil Research E ISSN- 3051-0317,Europian Journal of Agronomy and Soil Research,yes
7407081365,"Journal of Leadership, Economics, and Management p-ISSN 3051-4061 e-ISSN 3051-407X","Journal of Leadership, Economics, and Management",yes
7407081372,"Southeast Asia Journal of Inclusive, Needs-Sensitive, Special Practices for Innovative Research in Education (ISSN 3116-2800)","Southeast Asia Journal of Inclusive, Needs-Sensitive, Special Practices for Innovative Research in Education",yes
7407081398,Believers Medical Journal (BeMJ) P-ISSN 3117-5589 and E-ISSN 3117-5597,Believers Medical Journal (BeMJ),yes
7407081535,Europian Journal of Sustainable Agriculture P-ISSN 3051-0112 E-ISSN 3051-0120,Europian Journal of Sustainable Agriculture,yes
7407081536,Europian Journal of Plant and Soil Sciences e-ISSN 3051-021X,Europian Journal of Plant and Soil Sciences,yes
7407081537,Europian Journal of Agri-Economics & Rural Development e-ISSN 3051-0333,Europian Journal of Agri-Economics & Rural Development,yes
7407081538,Europian Journal of Agricultural Biotechnology E-ISSN 3051-0422,Europian Journal of Agricultural Biotechnology,yes
7407081539,Europian Journal of Agricultural Extension & Education E-ISSN 3051-0260,Europian Journal of Agricultural Extension & Education,yes
7407081540,Europian Journal of Agribusiness & Farm Management E-ISSN 3051-0376,Europian Journal of Agribusiness & Farm Management,yes
7407081541,Europian Journal of Precision Agriculture e-ISSN 3051-0244,Europian Journal of Precision Agriculture,yes
7407081542,Europian Journal of Agroecology & Climate Change E-ISSN 3051-0279,Europian Journal of Agroecology & Climate Change,yes
7407081543,Europian Journal of Agricultural Research and Development E-ISSN 3051-0295,Europian Journal of Agricultural Research and Development,yes
7407081544,Europian Journal of Agricultural Water Management E-ISSN 3051-0384,Europian Journal of Agricultural Water Management,yes
7407081545,Europian Journal of Smart Farming & Digital Agriculture E-ISSN 3051-0414,Europian Journal of Smart Farming & Digital Agriculture,yes
7407081546,DYA Journal of Knowledge & Discovery p-ISSN 3051-1852 e-ISSN 3051-1860,DYA Journal of Knowledge & Discovery,yes
7407081547,DYA Journal of Global Perspectives e-ISSN 3051-2131,DYA Journal of Global Perspectives,yes
7407081548,DYA Chronicle of Academic Frontiers p-ISSN 3051-1348 and e-ISSN 3051-1356,DYA Chronicle of Academic Frontiers,yes
7407081549,DYA Journal of Core Research Areas p-ISSN 3051-1046 e-ISSN 3051-1054,DYA Journal of Core Research Areas,yes
7407081550,DYA Journal of Insightful Research P-ISSN 3051-1291 E-ISSN 3051-1305,DYA Journal of Insightful Research,yes
7407081551,DYA Nexus of Innovation and Scholarship p-ISSN 3051-1062 e-ISSN 3051-1070,DYA Nexus of Innovation and Scholarship,yes
7407081552,DYA Journal of Truth in Research p-ISSN 3051-1135 e-ISSN 3051-1143,DYA Journal of Truth in Research,yes
7407081553,DYA Journal of Inquiry and Excellence p-ISSN 3051-1593 and e-ISSN 3051-1607,DYA Journal of Inquiry and Excellence,yes
7407081554,Jabalpur Journal of Global Management and Innovation p-ISSN 3051-3987 e-ISSN 3051-3995,Jabalpur Journal of Global Management and Innovation,yes
7407081555,Jabalpur Journal of Applied Management and Emerging Trends p-ISSN 3051-3723 e-ISSN 3051-3731,Jabalpur Journal of Applied Management and Emerging Trends,yes
7407081556,Journal of Management Practices and Innovations p-ISSN 3051-3928 e-ISSN 3051-3936,Journal of Management Practices and Innovations,yes
7407081557,JMA Journal of Business & Societal Transformations p-ISSN 3051-4002 e-ISSN 3051-4010,JMA Journal of Business & Societal Transformations,yes
7407081558,South Asia Journal of Interdisciplinary Management Studies p-ISSN 3051-4215 e-ISSN 3051-4223,South Asia Journal of Interdisciplinary Management Studies,yes
7407081559,SAMA Journal of Strategic Management and Global Affairs p-ISSN 3117-3195 e-ISSN 3117-3209,SAMA Journal of Strategic Management and Global Affairs,yes
7407081560,South Asia Journal of Organizational Leadership and Development p-ISSN 3051-4401 e-ISSN 3051-441X,South Asia Journal of Organizational Leadership and Development,yes
7407081561,SAMA Journal of Multinational Management and Policy p-ISSN 3117-342X e-ISSN 3117-3438,SAMA Journal of Multinational Management and Policy,yes
7407081562,Journal of Contemporary Management Practices – SAMA p-ISSN 3117-339X e-ISSN 3117-3403,Journal of Contemporary Management Practices – SAMA,yes
7407081563,SAMA Journal of Emerging Markets and Business Innovation p-ISSN 3117-3233 e-ISSN 3117-3241,SAMA Journal of Emerging Markets and Business Innovation,yes
7407081564,"South Asia Journal of Economics, Technology, and Management p-ISSN 3117-3217 e-ISSN 3117-3225","South Asia Journal of Economics, Technology, and Management",yes
7407081634,Journal of Organizational Management and Strategic Studies (JOMSS) (E-ISSN: 3122-7155),Journal of Organizational Management and Strategic Studies (JOMSS),yes
7407081661,International Journal of Advanced Computing and Technology (ISSN: 3107-2801),International Journal of Advanced Computing and Technology,yes
7407081665,BioMedical Research in Biotechnology (BMR Biotechnology) (ISSN: 2349-459X),BioMedical Research in Biotechnology (BMR Biotechnology),yes
7407081685,Management Matrix(ISSN:2760-1293),Management Matrix,yes
7407081691,Europian Journal of Livestock & Dairy Science E-ISSN 3051-035X,Europian Journal of Livestock & Dairy Science,yes
7407081730,GLOBAL ACADEMIC INTERNATIONAL JOURNAL OF LIBRARY AND INFORMATION SCIENCE (GAIJLIS) EISSN 3141-6152,GLOBAL ACADEMIC INTERNATIONAL JOURNAL OF LIBRARY AND INFORMATION SCIENCE (GAIJLIS),yes
7407081911,Journal of Health Science and Innovation - ISSN 3085-5748,Journal of Health Science and Innovation,yes
7407081926,Jurnal Kesehatan (E-ISSN: 3124-1565),Jurnal Kesehatan,yes
7407081969,مجلة الفرات لتقنيات العلوم الإدارية - ISSN (3107-2259),مجلة الفرات لتقنيات العلوم الإدارية,yes
7407081972,Edutech Journal of Next-Gen Technologies and AI p-ISSN 3051-0996 e-ISSN 3051-1003,Edutech Journal of Next-Gen Technologies and AI,yes
7407081973,Journal of General Perspectives in Medicine & Health p-ISSN 3051-0767 and e-ISSN 3051-0775,Journal of General Perspectives in Medicine & Health,yes
7407081975,"Blockchain, Web3 & Digital Trust Journal p-ISSN 3117-597X and e-ISSN 3117-5988","Blockchain, Web3 & Digital Trust Journal",yes
7407081976,AI Governance and Society Journal p-ISSN 3117-6097 and e-ISSN 3117-6100,AI Governance and Society Journal,yes
7407082076,"Journal on Advanced Science, Engineering and Information Technology (JASEIT) | E-ISSN : 3089-5944","Journal on Advanced Science, Engineering and Information Technology (JASEIT)",yes
7407082123,Jurnal PGSD (E-ISSN 3124-1085),Jurnal PGSD,yes
7407082136,EDUCATE (Jurnal Pendidikan dan Sosial) ISSN: 2301-5101,EDUCATE (Jurnal Pendidikan dan Sosial),yes
7407082137,Jurnal Manajemen (E-ISSN: 3124-1573),Jurnal Manajemen,yes
7407082151,Dijlah Journal of Administrative Sciences - P-ISSN: 3107-0434 E-ISSN: 3107-0442,Dijlah Journal of Administrative Sciences,yes
7407082169,"DYA Orbit Explorations in Science, Society & Solutions p-ISSN 3051-1364 e-ISSN 3051-1372","DYA Orbit Explorations in Science, Society & Solutions",yes
7407082170,International Journal of Research Advancements and Future Innovations p-ISSN 3051-245X e-ISSN 3051-2468,International Journal of Research Advancements and Future Innovations,yes
7407082171,International Journal of Multidisciplinary Explorations p-ISSN 3051-2581 e-ISSN 3051-259X,International Journal of Multidisciplinary Explorations,yes
7407082172,GRWS Journal of Dalit Entrepreneurship p-ISSN 3051-2603 e-ISSN 3051-2611,GRWS Journal of Dalit Entrepreneurship,yes
7407082174,BODHIVRIKSH p-ISSN 3051-3863 e-ISSN 3051-3871,BODHIVRIKSH,yes
7407082175,World Quarterly p-ISSN 3051-4096 e-ISSN 3051-410X,World Quarterly,yes
7407082176,Asian Journal of Education and Society P ISSN- 3117-3152 E ISSN- 3117-3160,Asian Journal of Education and Society,yes
7407082177,SAMA Journal of Multidisciplinary Business and Management p-ISSN 3051-4118 e-ISSN 3051-4126,SAMA Journal of Multidisciplinary Business and Management,yes
7407082178,Agricultural Innovation and Sustain Ability Journal E-ISSN 3051-0325,Agricultural Innovation and Sustain Ability Journal,yes
7407082179,Europian Journal of Agroforestry & Environmental Science E -ISSN 3051-0252,Europian Journal of Agroforestry & Environmental Science,yes
7407082180,International Journal of Pediatrics Nursing p-ISSN 3117-4183 e-ISSN 3117-4191,International Journal of Pediatrics Nursing,yes
7407082181,International Journal of Nursing Education & Research p-ISSN 3117-4264 e-ISSN 3117-4272,International Journal of Nursing Education & Research,yes
7407082182,Journal of Advanced Nursing Practice p-ISSN 3117-4205 e-ISSN 3117-4213,Journal of Advanced Nursing Practice,yes
7407082183,International Journal of Community Health Nursing p-ISSN 3117-4221 e-ISSN 3117-423X,International Journal of Community Health Nursing,yes
7407082184,European Journal of Nursing p-ISSN 3117-4248 and e-ISSN 3117-4256,European Journal of Nursing,yes
7407082185,Journal of Medical Surgical & Forensic Nursing p-ISSN 3117-4280 and e-ISSN 3117-4299,Journal of Medical Surgical & Forensic Nursing,yes
7407082186,Journal of Community & Adult Health Nursing p-ISSN 3117-4302 and e-ISSN 3117-4310,Journal of Community & Adult Health Nursing,yes
7407082187,Journal of Child Health Nursing p-ISSN 3117-4329 and e-ISSN 3117-4337,Journal of Child Health Nursing,yes
7407082188,Journal of Mental Health Nursing & Statistics p-ISSN 3117-4345 and e-ISSN 3117-4353,Journal of Mental Health Nursing & Statistics,yes
7407082189,Journal of Midwifery and Obstetrical Nursing p-ISSN 3117-4361 and e-ISSN 3117-437X,Journal of Midwifery and Obstetrical Nursing,yes
7407082190,International Journal of Obstetrics and Gynaecology Nursing p-ISSN 3117-3519 and e-ISSN 3117-3527,International Journal of Obstetrics and Gynaecology Nursing,yes
7407082193,Quantum Frontiers Journal P-ISSN 3117-6070 and E-ISSN 3117-6089,Quantum Frontiers Journal,yes
7407082194,Journal of Digital Learning Futures p-ISSN 3117-6054 and e-ISSN 3117-6062,Journal of Digital Learning Futures,yes
7407082195,Journal of Ethics in Emerging Technologies & Society p-ISSN 3117-5996 and e-ISSN 3117-6003,Journal of Ethics in Emerging Technologies & Society,yes
7407082196,Journal of Advanced Research in Law and Justice P-ISSN 3117-521X E-ISSN 3117-5228,Journal of Advanced Research in Law and Justice,yes
7407082197,Global Review of Jurisprudence and Policy P-ISSN 3117-5236 E-ISSN 3117-5244,Global Review of Jurisprudence and Policy,yes
7407082198,Journal of Musculoskeletal Physiotherapy p-ISSN 3117-4965 e-ISSN 3117-4973,Journal of Musculoskeletal Physiotherapy,yes
7407082199,Journal of Cardio & Respiratory Physiotherapy p-ISSN 3117-4906 e-ISSN 3117-4914,Journal of Cardio & Respiratory Physiotherapy,yes
7407082200,Journal of Orthopedics & Traumatology Physiotherapy p-ISSN 3117-5015 e-ISSN 3117-5023,Journal of Orthopedics & Traumatology Physiotherapy,yes
7407082201,Sahityayan Journal p-ISSN 3117-5287 e-ISSN 3117-5295,Sahityayan Journal,yes
7407082215,European Journal of Complementary and Alternative Medicine p-ISSN 3117-5139 e-ISSN 3117-5147,European Journal of Complementary and Alternative Medicine,yes
7407082216,International Journal of Traditional System of Medicine p-ISSN 3117-5155 e-ISSN 3117-5163,International Journal of Traditional System of Medicine,yes
7407082217,"Journal of Ayurveda, Yoga, Unani, Siddha & Homeopathy Research p-ISSN 3117-5171 e-ISSN 3117-518X","Journal of Ayurveda, Yoga, Unani, Siddha & Homeopathy Research",yes
7407082218,Journal of Medical Research and Health Sciences P-ISSN 3117-6011 E-ISSN 3117-602X,Journal of Medical Research and Health Sciences,yes
7407082219,Journal of Pharmaceutical Sciences and Biotechnology p-ISSN 3117-6232 e-ISSN 3117-6240,Journal of Pharmaceutical Sciences and Biotechnology,yes
7407082220,Journal of Pharmacology and Therapeutic Advances p-ISSN 3117-6259 and e-ISSN 3117-6267,Journal of Pharmacology and Therapeutic Advances,yes
7407082221,Journal of Pharmacognosy and Natural Products p-ISSN 3117-6275 e-ISSN 3117-6283,Journal of Pharmacognosy and Natural Products,yes
7407082222,Journal of Pharmaceutical Analytical Chemistry p-ISSN 3117-6291 and e-ISSN 3117-6305,Journal of Pharmaceutical Analytical Chemistry,yes
7407082223,Journal of Industrial Pharmacy and Drug Management p-ISSN 3117-6313 and e-ISSN 3117-6321,Journal of Industrial Pharmacy and Drug Management,yes
7407082224,Journal of Pharmacokinetics and Drug Dynamics P-ISSN 3117-6844 E-ISSN 3117-6852,Journal of Pharmacokinetics and Drug Dynamics,yes
7407082225,Journal of Toxicology and Drug Safety P-ISSN 3117-6801 E-ISSN 3117-681X,Journal of Toxicology and Drug Safety,yes
7407082226,Journal of Hospital Pharmacy and Clinical Services P-ISSN 3117-6828 E-ISSN 3117-6836,Journal of Hospital Pharmacy and Clinical Services,yes
7407082227,Journal of Regulatory Affairs and Quality Assurance P-ISSN 3117-6860 E-ISSN 3117-6879,Journal of Regulatory Affairs and Quality Assurance,yes
7407082228,Journal of Community Pharmacy and Healthcare Management p-ISSN 3117-6887 E-ISSN 3117-6895,Journal of Community Pharmacy and Healthcare Management,yes
7407082229,Journal of Finance & Operations Management P-ISSN: 3117-7840 | E-ISSN: 3117-7859,Journal of Finance & Operations Management,yes
7407082230,Journal of Organizational & Human Resource Management P-ISSN 3117-7867 & E-ISSN 3117-7875,Journal of Organizational & Human Resource Management,yes
7407082231,Journal of Data-Driven Business management & AI P-ISSN 3117-7905 | E-ISSN 3117-7913,Journal of Data-Driven Business management & AI,yes
7407082232,International Journal of Strategic Business Marketing & Statistics P-ISSN 3117-7883 AND E-ISSN 3117-7891,International Journal of Strategic Business Marketing & Statistics,yes
7407082248,West African Journal of One Health-Epidemiology ISSN: 3105-6350,West African Journal of One Health-Epidemiology,yes
7407082255,Socio Dynamics Journal Online ISSN: 3068-028X,Socio Dynamics Journal,yes
7407082271,American Journal of Computational and Interdisciplinary Research E ISSN- 3069-7093,American Journal of Computational and Interdisciplinary Research,yes
7407082276,American Journal of Medical Insights E ISSN- 3069-7182,American Journal of Medical Insights,yes
7407082277,American Journal of Digital Health and AI in Medicine E ISSN-3069-7239,American Journal of Digital Health and AI in Medicine,yes
7407082278,American Journal of Global Health & Medical Sciences E ISSN-3069-7255,American Journal of Global Health & Medical Sciences,yes
7407082279,American Journal of Modern Pharmacy & Biotechnology E ISSN- 3069-728X,American Journal of Modern Pharmacy & Biotechnology,yes
7407082280,American Journal of Sustainable Agriculture & Innovation E ISSN-3069-7271,American Journal of Sustainable Agriculture & Innovation,yes
7407082318,International Journal of Dental Discovery and Research Online ISSN: 3117-7107 Print ISSN: 3117-7115,International Journal of Dental Discovery and Research,yes
