source_id,target_kind,target_id,dom,written
4210204771,institution,4387155489,4science.ge,True
4210224337,institution,4387155489,4science.ge,True
4210238182,institution,4387155489,4science.ge,True
4394735711,institution,4387155489,4science.ge,True
5407038186,institution,4387155489,4science.ge,True
4387283601,publisher,4310320058,aaai.org,True
4387284112,publisher,4310320058,aaai.org,True
4387284482,publisher,4310320058,aaai.org,True
4387284494,publisher,4310320058,aaai.org,True
4389157828,publisher,4310320058,aaai.org,True
