name,issns,active,withdrawn_date,withdrawal_reason
Academy of management annals,1941-6520;1941-6067,true,,
Academy of Management Journal,0001-4273;1948-0989,true,,
Academy of Management Learning and Education,1537-260X;1944-9585,true,,
Academy of Management Review,0363-7425;1930-3807,true,,
Accident analysis and prevention,0001-4575;1879-2057,true,,
Accounting organizations and society,0361-3682;1873-6289,true,,
Accounting review,0001-4826;1558-7967,true,,
ACM computing surveys,0360-0300;1557-7341,true,,
ACM transactions on computing education,1946-6226,true,,
ACM transactions on algorithms,1549-6325;1549-6333,true,,
ACM transactions on computer systems,0734-2071;1557-7333,true,,
ACM transactions on computer-human interaction,1073-0516;1557-7325,true,,
ACM transactions on database systems,0362-5915;1557-4644,true,,
ACM transactions on graphics,0730-0301;1557-7368,true,,
ACM transactions on information and system security,1094-9224;1557-7406,false,2016-01-01,inactive in JUFO (Year_End 2016; year only)
ACM transactions on information systems,1046-8188;1558-2868,true,,
ACM transactions on internet technology,1533-5399;1557-6051,true,,
ACM transactions on knowledge discovery from data,1556-4681;1556-472X,true,,
ACM transactions on mathematical software,0098-3500;1557-7295,true,,
ACM transactions on programming languages and systems,0164-0925;1558-4593,true,,
ACM transactions on software engineering and methodology,1049-331X;1557-7392,true,,
Acs nano,1936-0851;1936-086X,true,,
Acta materialia,1359-6454;1873-2453,true,,
Acta mathematica,0001-5962;1871-2509,true,,
Acta musicologica,0001-6241;2296-4339,true,,
Acta neuropathologica,0001-6322;1432-0533,true,,
Addiction,0965-2140;1360-0443,true,,
Administrative science quarterly,0001-8392;1930-3815,true,,
Adult education quarterly,0741-7136;1552-3047,true,,
Advanced drug delivery reviews,0169-409X;1872-8294,true,,
Advanced functional materials,1616-301X;1616-3028,true,,
Advanced materials,0935-9648;1521-4095,true,,
Advances in mathematics,0001-8708;1090-2082,true,,
Advances in optics and photonics,1943-8206,true,,
Advances in physics,0001-8732;1460-6976,true,,
Africa,0001-9720;1750-0184,true,,
African affairs,0001-9909;1468-2621,true,,
Age and ageing,0002-0729;1468-2834,true,,
Agricultural and forest meteorology,0168-1923;1873-2240,true,,
Agricultural history review,0002-1490,true,,
Agriculture ecosystems and environment,0167-8809;1873-2305,true,,
Alimentary pharmacology and therapeutics,0269-2813;1365-2036,true,,
Allergy,0105-4538;1398-9995,true,,
Alzheimer's & dementia,1552-5260;1552-5279,true,,
American anthropologist,0002-7294;1548-1433,true,,
American antiquity,0002-7316;2325-5064,true,,
American economic journal : applied economics,1945-7782;1945-7790,true,,
American economic journal: economic policy,1945-7812;1945-774X,true,,
American economic journal: macroeconomics,1945-0443;1945-7715,true,,
American economic journal: microeconomics,1945-7669;1945-0451,true,,
American economic review,0002-8282;1944-7981,true,,
American educational research journal,0002-8312;1935-1011,true,,
American ethnologist,0094-0496;1548-1425,true,,
American historical review,0002-8762;1937-5239,true,,
American journal of agricultural economics,0002-9092;1467-8276,true,,
American journal of archaeology,1939-828X;0002-9114,true,,
American journal of clinical nutrition,0002-9165;1938-3207,true,,
American journal of comparative law,0002-919X;2326-9197,true,,
American journal of human genetics,0002-9297;1537-6605,true,,
American journal of international law,0002-9300;2161-7953,true,,
American journal of mathematics,0002-9327;1080-6377,true,,
American journal of obstetrics and gynecology,0002-9378;1097-6868,true,,
American journal of philology,0002-9475;1086-3168,true,,
American journal of political science,0092-5853;1540-5907,true,,
American journal of psychiatry,0002-953X;1535-7228,true,,
American journal of respiratory and critical care medicine,1073-449X;1535-4970,true,,
American journal of sociology,0002-9602;1537-5390,true,,
American journal of sports medicine,0363-5465;1552-3365,true,,
American journal of transplantation,1600-6135;1600-6143,true,,
American literary history,0896-7148;1468-4365,true,,
American literature,0002-9831;1527-2117,true,,
American naturalist,0003-0147;1537-5323,true,,
American political science review,0003-0554;1537-5943,true,,
American psychologist,0003-066X;1935-990X,true,,
American sociological review,0003-1224;1939-8271,true,,
Anales de literatura hispanoamericana,0210-4547;1988-2351,true,,
Analysis,0003-2638;1467-8284,true,,
Analysis and pde,2157-5045;1948-206X,true,,
Analytical chemistry,0003-2700;1520-6882,true,,
Ancient judaism and early christianity,1871-6636,true,,
Angewandte Chemie,1433-7851;1521-3773,true,,
"Annales: histoire, sciences sociales",0395-2649;1953-8146,true,,
Annales de l’Institut Henri Poincaré : analyse non linéaire,0294-1449;1873-1430,true,,
Annales scientifiques de l ecole normale superieure,0012-9593;1873-2151,true,,
Annals of applied probability,1050-5164;2168-8737,true,,
Annals of applied statistics,1932-6157;1941-7330,true,,
Annals of internal medicine,0003-4819;1539-3704,true,,
Annals of mathematics,0003-486X;1939-8980,true,,
Annals of neurology,0364-5134;1531-8249,true,,
Annals of oncology,0923-7534;1569-8041,true,,
Annals of probability,0091-1798;2168-894X,true,,
Annals of science,0003-3790;1464-505X,true,,
Annals of statistics,0090-5364;2168-8966,true,,
Annals of surgery,0003-4932;1528-1140,true,,
Annals of the association of american geographers,0004-5608;1467-8306,false,2015-01-01,inactive in JUFO (Year_End 2015; year only)
Annals of the rheumatic diseases,0003-4967;1468-2060,true,,
Annals of tourism research,0160-7383;1873-7722,true,,
Annual of the British School at Athens,0068-2454;2045-2403,true,,
Annual review of astronomy and astrophysics,0066-4146;1545-4282,true,,
Annual review of clinical psychology,1548-5943;1548-5951,true,,
Annual review of earth and planetary sciences,0084-6597;1545-4495,true,,
Annual review of ecology evolution and systematics,1543-592X;1545-2069,true,,
Annual review of fluid mechanics,0066-4189;1545-4479,true,,
Annual review of immunology,0732-0582;1545-3278,true,,
Annual review of information science and technology,0066-4200;1550-8382,false,2011-01-01,inactive in JUFO (Year_End 2011; year only)
Annual review of marine science,1941-1405;1941-0611,true,,
Annual review of nutrition,0199-9885;1545-4312,true,,
Annual review of pharmacology and toxicology,0362-1642;1545-4304,true,,
Annual review of physiology,0066-4278;1545-1585,true,,
Annual review of political science,1094-2939;1545-1577,true,,
Annual review of psychology,1545-2085;0066-4308,true,,
Annual review of public health,0163-7525;1545-2093,true,,
Annual review of sociology,0360-0572;1545-2115,true,,
Anthropological theory,1463-4996;1741-2641,true,,
Antimicrobial agents and chemotherapy,0066-4804;1098-6596,true,,
Antipode,0066-4812;1467-8330,true,,
Antiquity,0003-598X;1745-1744,true,,
Applied catalysis B : environmental,0926-3373;1873-3883,true,,
Applied energy,0306-2619;1872-9118,true,,
Applied linguistics,0142-6001;1477-450X,true,,
Applied physics letters,0003-6951;1077-3118,true,,
Applied thermal engineering,1359-4311;1873-5606,true,,
Arabica,0570-5398;1570-0585,true,,
Archaeological dialogues,1380-2038;1478-2294,true,,
Archaeometry,0003-813X;1475-4754,true,,
Architectural science review,0003-8628;1758-9622,true,,
Archiv für reformationsgeschichte,0003-9381;2198-0489,true,,
Archive for rational mechanics and analysis,0003-9527;1432-0673,true,,
Archive for the psychology of religion,0084-6724;1573-6121,true,,
Archival science,1389-0166;1573-7500,true,,
Archives of disease in childhood-fetal and neonatal edition,1359-2998;1468-2052,true,,
Archives of general psychiatry,0003-990X;1538-3636,false,2012-01-01,inactive in JUFO (Year_End 2012; year only)
Archives of internal medicine,0003-9926;1538-3679,false,2012-01-01,inactive in JUFO (Year_End 2012; year only)
Archives of neurology,0003-9942;1538-3687,false,2012-01-01,inactive in JUFO (Year_End 2012; year only)
Archives of physical medicine and rehabilitation,0003-9993;1532-821X,true,,
Archives of surgery,0004-0010;1538-3644,false,2012-01-01,inactive in JUFO (Year_End 2012; year only)
Archives of toxicology,0340-5761;1432-0738,true,,
Arethusa,1080-6504;0004-0975,true,,
Art bulletin,1559-6478;0004-3079,true,,
Art history,0141-6790;1467-8365,true,,
Art journal,0004-3249;2325-5307,true,,
Arthroscopy-the journal of arthroscopic and related surgery,0749-8063;1526-3231,true,,
Artificial intelligence,0004-3702;1872-7921,true,,
Assessment and evaluation in higher education,0260-2938;1469-297X,true,,
Astronomy and astrophysics,0004-6361;1432-0746,true,,
Astronomy and astrophysics review,0935-4956;1432-0754,true,,
Astrophysical journal letters,2041-8205;2041-8213,true,,
Atmospheric chemistry and physics,1680-7316;1680-7324,true,,
Australasian journal of philosophy,0004-8402;1471-6828,true,,
Automatica,0005-1098;1873-2836,true,,
Behavioral ecology,1045-2249;1465-7279,true,,
Behaviour research and therapy,0005-7967;1873-622X,true,,
Beiträge zur geschichte der deutschen sprache und literatur,0005-8076;1865-9373,true,,
Bilingualism: language and cognition,1366-7289;1469-1841,true,,
Bioethics,0269-9702;1467-8519,true,,
Biography: an interdisciplinary quarterly,0162-4962;1529-1456,true,,
Bioinformatics,1367-4803;1367-4811,true,,
Biological psychiatry,0006-3223;1873-2402,true,,
Biomaterials,0142-9612;1878-5905,true,,
Biometrika,0006-3444;1464-3510,true,,
Biosensors and bioelectronics,0956-5663;1873-4235,true,,
Blood,0006-4971;1528-0020,true,,
Body and society,1357-034X;1460-3632,true,,
Brain,0006-8950;1460-2156,true,,
Brain stimulation,1935-861X;1876-4754,true,,
British educational research journal,0141-1926;1469-3518,true,,
British journal for the history of philosophy,0960-8788;1469-3526,true,,
British journal for the history of science,0007-0874;1474-001X,true,,
British journal for the philosophy of science,0007-0882;1464-3537,true,,
British journal of aesthetics,0007-0904;1468-2842,true,,
British journal of anaesthesia,0007-0912;1471-6771,true,,
British journal of criminology,0007-0955;1464-3529,true,,
British journal of dermatology,0007-0963;1365-2133,true,,
British journal of management,1045-3172;1467-8551,true,,
British journal of ophthalmology,0007-1161;1468-2079,true,,
British journal of pharmacology,0007-1188;1476-5381,true,,
British journal of political science,0007-1234;1469-2112,true,,
British journal of psychiatry,0007-1250;1472-1465,true,,
British journal of social psychology,0144-6665;2044-8309,true,,
British journal of social work,0045-3102;1468-263X,true,,
British journal of sociology,0007-1315;1468-4446,true,,
British journal of sociology of education,0142-5692;1465-3346,true,,
British journal of sports medicine,0306-3674;1473-0480,true,,
British journal of surgery,0007-1323;1365-2168,true,,
British medical journal,0267-0623,false,1988-01-01,inactive in JUFO (Year_End 1988; year only)
Bulletin of hispanic studies,1475-3839;1478-3398,true,,
Bulletin of symbolic logic,1079-8986;1943-5894,true,,
Bulletin of the world health organization,0042-9686;1564-0604,true,,
Burlington magazine,0007-6287;2044-9925,true,,
Business & society,0007-6503;1552-4205,true,,
Business history review,0007-6805;2044-768X,true,,
Byzantion: revue internationale des etudes byzantines,0378-2506;2294-6209,true,,
Cambridge archaeological journal,0959-7743;1474-0540,true,,
Cambridge opera journal,0954-5867;1474-0621,true,,
Cancer cell,1535-6108;1878-3686,true,,
Cancer research,0008-5472;1538-7445,true,,
Cell,0092-8674;1097-4172,true,,
Cell host and microbe,1931-3128;1934-6069,true,,
Cell metabolism,1550-4131;1932-7420,true,,
Cell stem cell,1934-5909;1875-9777,true,,
Cement and concrete composites,0958-9465;1873-393X,true,,
Cement and concrete research,0008-8846;1873-3948,true,,
Central european history,0008-9389;1569-1616,true,,
Cerebral cortex,1047-3211;1460-2199,true,,
Chemical engineering journal,1385-8947;1873-3212,true,,
Chemical engineering science,0009-2509;1873-4405,true,,
Chemical reviews,0009-2665;1520-6890,true,,
Chemical science,2041-6520;2041-6539,true,,
Chemical society reviews,0306-0012;1460-4744,true,,
Chemistry of materials,0897-4756;1520-5002,true,,
Child development,0009-3920;1467-8624,true,,
Childhood,0907-5682;1461-7013,true,,
China journal,1324-9347;1835-8535,true,,
Cinema journal,0009-7101;1527-2087,false,2018-01-01,inactive in JUFO (Year_End 2018; year only)
Circulation,0009-7322;1524-4539,true,,
Circulation research,0009-7330;1524-4571,true,,
Classical antiquity,0278-6656;1067-8344,true,,
Classical philology,0009-837X;1546-072X,true,,
Classical quarterly,0009-8388;1471-6844,true,,
Clinical cancer research,1078-0432;1557-3265,true,,
Clinical chemistry,0009-9147;1530-8561,true,,
Clinical epidemiology,1179-1349,true,,
Clinical infectious diseases,1058-4838;1537-6591,true,,
Clinical linguistics and phonetics,0269-9206;1464-5076,true,,
Clinical microbiology reviews,0893-8512;1098-6618,true,,
Clinical neurophysiology,1388-2457;1872-8952,true,,
Clinical nutrition,0261-5614;1532-1983,true,,
Clinical oral implants research,0905-7161;1600-0501,true,,
Clinical pharmacology and therapeutics,0009-9236;1532-6535,true,,
Clinical psychology review,0272-7358;1873-7811,true,,
Coastal engineering,0378-3839;1872-7379,true,,
Codesign: international journal of cocreation in design and the arts,1571-0882;1745-3755,true,,
Cognition,0010-0277;1873-7838,true,,
Cognitive linguistics,0936-5907;1613-3641,true,,
Cognitive psychology,0010-0285;1095-5623,true,,
Cold war history,1468-2745;1743-7962,true,,
Columbia law review,0010-1958;1945-2268,true,,
Combustion and flame,0010-2180;1556-2921,true,,
Common market law review,0165-0750;1875-8320,true,,
Communication monographs,0363-7751;1479-5787,true,,
Communication research,0093-6502;1552-3810,true,,
Communication theory,1050-3293;1468-2885,true,,
Communications in mathematical physics,0010-3616;1432-0916,true,,
Communications in partial differential equations,0360-5302;1532-4133,true,,
Communications of the ACM,0001-0782;1557-7317,true,,
Communications on pure and applied mathematics,0010-3640;1097-0312,true,,
Comparative education,0305-0068;1360-0486,true,,
Comparative education review,0010-4086;1545-701X,true,,
Comparative literature,0010-4124;1945-8517,true,,
Comparative literature studies,0010-4132;1528-4212,true,,
Comparative political studies,0010-4140;1552-3829,true,,
Comparative studies in society and history,0010-4175;1475-2999,true,,
Composites part b: engineering,1359-8368;1879-1069,true,,
Computational linguistics,0891-2017;1530-9312,true,,
Computer methods in applied mechanics and engineering,0045-7825;1879-2138,true,,
Computer music journal,0148-9267;1531-5169,true,,
Computer supported cooperative work: the journal of collaborative computing,0925-9724;1573-7551,true,,
Computer-aided civil and infrastructure engineering,1093-9687;1467-8667,true,,
Computers and education,0360-1315;1873-782X,true,,
Computers and structures,0045-7949;1879-2243,true,,
Computers in human behavior,0747-5632;1873-7692,true,,
Conservation biology,0888-8892;1523-1739,true,,
Conservation letters,1755-263X,true,,
Contemporary accounting research,0823-9150;1911-3846,true,,
Contemporary educational psychology,0361-476X;1090-2384,true,,
Contemporary european history,0960-7773;1469-2171,true,,
Contemporary literature,1548-9949;0010-7484,true,,
Contemporary theatre review,1048-6801;1477-2264,true,,
Continental philosophy review,1387-2842;1573-0611,true,,
Corpus linguistics and linguistic theory,1613-7027;1613-7035,true,,
Corrosion science,0010-938X;1879-0496,true,,
Criminology,0011-1384;1745-9125,true,,
Critical care,1364-8535;1466-609X,true,,
Critical inquiry,0093-1896;1539-7858,true,,
Critical quarterly,0011-1562;1467-8705,true,,
Criticism: a quarterly for literature and the arts,0011-1589;1536-0342,true,,
Cryosphere,1994-0416;1994-0424,true,,
Cultural anthropology,0886-7356;1548-1360,true,,
Cultural studies,0950-2386;1466-4348,true,,
Current anthropology,0011-3204;1537-5382,true,,
Current biology,0960-9822;1879-0445,true,,
Dance research journal,0149-7677;1940-509X,true,,
Data mining and knowledge discovery,1384-5810;1573-756X,true,,
Decision support systems,0167-9236;1873-5797,true,,
Demography,0070-3370;1533-7790,true,,
Dental materials,0109-5641;1879-0097,true,,
Depression and anxiety,1091-4269;1520-6394,true,,
Design issues,0747-9360;1531-4790,true,,
Design journal,1460-6925;1756-3062,true,,
Design studies,0142-694X;1872-6909,true,,
Designs codes and cryptography,0925-1022;1573-7586,true,,
Deutsch als fremdsprache,0011-9741;2198-2430,true,,
Deutsche vierteljahrsschrift für literaturwissenschaft und geistesgeschichte,0012-0936;2365-9521,true,,
Development and change,0012-155X;1467-7660,true,,
Developmental cell,1534-5807;1878-1551,true,,
Developmental medicine and child neurology,0012-1622;1469-8749,true,,
Developmental psychology,0012-1649;1939-0599,true,,
Developmental review,0273-2297;1090-2406,true,,
Developmental science,1363-755X;1467-7687,true,,
Diabetes,0012-1797;1939-327X,true,,
Diabetes care,0149-5992;1935-5548,true,,
Diabetologia,0012-186X;1432-0428,true,,
Diachronica,0176-4225;1569-9714,true,,
Diacritics: a review of contemporary criticism,0300-7162;1080-6539,true,,
Differences: a journal of feminist cultural studies,1040-7391;1527-1986,true,,
Discourse studies,1461-4456;1461-7080,true,,
Duke mathematical journal,0012-7094;1547-7398,true,,
Ear and hearing,0196-0202;1538-4667,true,,
Early medieval europe,0963-9462;1468-0254,true,,
Early music history,0261-1279;1474-0559,true,,
Earth and planetary science letters,0012-821X;1385-013X,true,,
Earth-science reviews,0012-8252;1872-6828,true,,
Ecography,0906-7590;1600-0587,true,,
Ecological monographs,0012-9615;1557-7015,true,,
Ecology,0012-9658;1939-9170,true,,
Ecology letters,1461-023X;1461-0248,true,,
Econometrica,0012-9682;1468-0262,true,,
Economic geography,0013-0095;1944-8287,true,,
Economic history review,0013-0117;1468-0289,true,,
Economic journal,0013-0133;1742-0350,true,,
Edda,0013-0818;1500-1989,true,,
Educational administration quarterly,0013-161X;1552-3519,true,,
Educational evaluation and policy analysis,0162-3737;1935-1062,true,,
Educational psychologist,0046-1520;1532-6985,true,,
Educational research review,1747-938X;1878-0385,true,,
Educational researcher,0013-189X;1935-102X,true,,
Educational studies in mathematics,0013-1954;1573-0816,true,,
Elh,0013-8304;1080-6547,true,,
Embo journal,0261-4189;1460-2075,true,,
Embo molecular medicine,1757-4676;1757-4684,true,,
Embo reports,1469-221X;1469-3178,true,,
Empirical software engineering,1382-3256;1573-7616,true,,
Energy,0360-5442;1873-6785,true,,
Energy and environmental science,1754-5692;1754-5706,true,,
Energy and buildings,0378-7788;1872-6178,true,,
Engineering structures,0141-0296;1873-7323,true,,
English historical review,0013-8266;1477-4534,true,,
English language and linguistics,1360-6743;1469-4379,true,,
Entrepreneurship theory and practice,1042-2587;1540-6520,true,,
Environment and planning a,0308-518X;1472-3409,true,,
Environment and planning d : society and space,0263-7758;1472-3433,true,,
Environment international,0160-4120;1873-6750,true,,
Environmental education research,1350-4622;1469-5871,true,,
Environmental health perspectives,0091-6765;1552-9924,true,,
Environmental history,1084-5453;1930-8892,true,,
Environmental research letters,1748-9326,true,,
Environmental toxicology and chemistry,0730-7268;1552-8618,true,,
Environmental values,0963-2719;1752-7015,true,,
Epidemiology,1044-3983;1531-5487,true,,
Erkenntnis,0165-0106;1572-8420,true,,
Essays in criticism,0014-0856;1471-6852,true,,
Ethics,1539-297X;0014-1704,true,,
Ethnic and racial studies,0141-9870;1466-4356,true,,
Ethnicities,1468-7968;1741-2706,true,,
Ethnologia europaea,0425-4597;1604-3030,true,,
Ethnomusicology,0014-1836;2156-7417,true,,
Ethnomusicology forum,1741-1912;1741-1920,true,,
Ethnos,0014-1844;1469-588X,true,,
Euphorion: zeitschrift fur literaturgeschichte,0014-2328,true,,
European business law review,0959-6941;1875-841X,true,,
European constitutional law review,1574-0196;1744-5515,true,,
European heart journal,0195-668X;1522-9645,true,,
European history quarterly,0265-6914;1461-7110,true,,
European journal of agronomy,1161-0301;1873-7331,true,,
European journal of archaeology,1461-9571;1741-2722,true,,
European journal of communication,0267-3231;1460-3705,true,,
European journal of endocrinology,0804-4643;1479-683X,true,,
European journal of epidemiology,0393-2990;1573-7284,true,,
European journal of heart failure,1388-9842;1879-0844,true,,
European journal of information systems,0960-085X;1476-9344,true,,
European journal of international law,0938-5428;1464-3596,true,,
European journal of international relations,1354-0661;1460-3713,true,,
European journal of nuclear medicine and molecular imaging,1619-7070;1619-7089,true,,
European journal of pharmaceutical sciences,0928-0987;1879-0720,true,,
European journal of philosophy,0966-8373;1468-0378,true,,
European journal of political research,0304-4130;1475-6765,true,,
European journal of social psychology,0046-2772;1099-0992,true,,
European journal of teacher education,0261-9768;1469-5928,true,,
European journal of women's studies,1350-5068;1461-7420,true,,
European law journal,1351-5993;1468-0386,true,,
European law review,0307-5400;2754-1800,true,,
European respiratory journal,0903-1936;1399-3003,true,,
European review of history-revue europeenne d histoire,1350-7486;1469-8293,true,,
European sociological review,0266-7215;1468-2672,true,,
European urology,0302-2838;1873-7560,true,,
Europe-asia studies,0966-8136;1465-3427,true,,
Evolution,0014-3820;1558-5646,true,,
Evolutionary anthropology,1060-1538;1520-6505,true,,
Exceptional children,0014-4029;2163-5560,true,,
Explorations in economic history,0014-4983;1090-2457,true,,
Feminist theory,1464-7001;1741-2773,true,,
Fertility and sterility,0015-0282;1556-5653,true,,
Finnisch-Ugrische Forschungen,0355-1253,true,,
Fish and fisheries,1467-2960;1467-2979,true,,
Food hydrocolloids,0268-005X;1873-7137,true,,
Forensic science international: genetics,1872-4973;1878-0326,true,,
Forest ecology and management,0378-1127;1872-7042,true,,
Foundations and trends in information retrieval,1554-0669;1554-0677,true,,
Foundations of computational mathematics,1615-3375;1615-3383,true,,
French studies,0016-1128;1468-2931,true,,
Functional ecology,0269-8463;1365-2435,true,,
Fungal diversity,1560-2745;1878-9129,true,,
Future generation computer systems: the international journal of grid computing: theory methods and applications,0167-739X;1872-7115,true,,
Games and culture: a journal of interactive media,1555-4120;1555-4139,true,,
Gastroenterology,0016-5085;1528-0012,true,,
Gender and society,0891-2432;1552-3977,true,,
Gender and education,0954-0253;1360-0516,true,,
Gender and history,0953-5233;1468-0424,true,,
"Gender, work and organization",0968-6673;1468-0432,true,,
Genes and development,0890-9369;1549-5477,true,,
Genetics in medicine,1098-3600;1530-0366,true,,
Genome biology,1474-7596;1474-760X,true,,
Genome research,1088-9051;1549-5469,true,,
Geoforum,0016-7185;1872-9398,true,,
Geology,0091-7613;1943-2682,true,,
Geometric and functional analysis,1016-443X;1420-8970,true,,
Geometry and topology,1465-3060;1364-0380,true,,
Geophysical research letters,0094-8276;1944-8007,true,,
Geopolitics,1465-0045;1557-3028,true,,
Geoscientific model development,1991-959X;1991-9603,true,,
Geotechnique,0016-8505;1751-7656,true,,
Germanic review,0016-8890;1930-6962,true,,
Germanisch-Romanische Monatsschrift,0016-8904,true,,
Gerontologist,0016-9013;1758-5341,true,,
Geschichte und gesellschaft,0340-613X;2196-9000,true,,
Global and planetary change,0921-8181;1872-6364,true,,
Global biogeochemical cycles,0886-6236;1944-9224,true,,
Global change biology,1354-1013;1365-2486,true,,
Global ecology and biogeography,1466-822X;1466-8238,true,,
Global environmental change: human and policy dimensions,0959-3780;1872-9495,true,,
Global environmental politics,1526-3800;1536-0091,true,,
Gondwana research,1342-937X;1878-0571,true,,
Governance: an international journal of policy administration and institutions,0952-1895;1468-0491,true,,
Green chemistry,1463-9262;1463-9270,true,,
Gut,0017-5749;1468-3288,true,,
Hahr: hispanic american historical review,0018-2168;1527-1900,true,,
Harvard educational review,0017-8055;1943-5045,true,,
Harvard international law journal,0017-8063;2153-2494,true,,
Harvard law review,2161-976X;0017-811X,true,,
Harvard studies in classical philology,2325-9353;0073-0688,true,,
Harvard theological review,0017-8160;1475-4517,true,,
Head and neck: journal for the sciences and specialties of the head and neck,1043-3074;1097-0347,true,,
Health care management science,1386-9620;1572-9389,true,,
Health psychology,0278-6133;1930-7810,true,,
Health services research,0017-9124;1475-6773,true,,
Hepatology,0270-9139;1527-3350,true,,
Hermes: zeitschrift fur klassische philologie,0018-0777;2365-3116,true,,
Higher education,0018-1560;1573-174X,true,,
Hispanic review,0018-2176;1553-0639,true,,
Historia mathematica,0315-0860;1090-249X,true,,
Historical journal,0018-246X;1469-5103,true,,
Historical methods,0161-5440;1940-1906,true,,
Historische sprachforschung,0935-3518;2196-8071,true,,
Historische zeitschrift,0018-2613;2196-680X,true,,
History,0018-2648;1468-229X,true,,
History and anthropology,0275-7206;1477-2612,true,,
History and memory: studies in representation of the past,1527-1994;0935-560X,true,,
History and theory,0018-2656;1468-2303,true,,
History of photography,0308-7298;2150-7295,true,,
History of religions,0018-2710;1545-6935,true,,
History of the family,1081-602X;1873-5398,true,,
History workshop journal,1363-3554;1477-4569,true,,
Human communication research,0360-3989;1468-2958,true,,
Human relations,0018-7267;1741-282X,true,,
Human reproduction,0268-1161;1460-2350,true,,
Human reproduction update,1355-4786;1460-2369,true,,
Human resource management,0090-4848;1099-050X,true,,
Human resources for health,1478-4491,true,,
Human-computer interaction,0737-0024;1532-7051,true,,
Husserl studies,0167-9848;1572-8501,true,,
Hypatia,0887-5367;1527-2001,true,,
Icon: international journal of constitutional law,1474-2640;1474-2659,true,,
IEEE internet computing,1089-7801;1941-0131,true,,
IEEE journal of selected topics in signal processing,1932-4553;1941-0484,true,,
IEEE journal of solid-state circuits,0018-9200;1558-173X,true,,
IEEE micro,0272-1732;1937-4143,true,,
IEEE network,0890-8044;1558-156X,true,,
IEEE signal processing magazine,1053-5888;1558-0792,true,,
IEEE transactions on aerospace and electronic systems,0018-9251;2371-9877,true,,
IEEE transactions on affective computing,2371-9850;1949-3045,true,,
IEEE transactions on antennas and propagation,0018-926X;1558-2221,true,,
IEEE transactions on automatic control,0018-9286;2334-3303,true,,
IEEE transactions on communications,0090-6778;1558-0857,true,,
IEEE transactions on computers,0018-9340;2326-3814,true,,
IEEE transactions on dependable and secure computing,1545-5971;1941-0018,true,,
IEEE transactions on electron devices,0018-9383;1557-9646,true,,
IEEE transactions on evolutionary computation,1089-778X;1941-0026,true,,
IEEE transactions on fuzzy systems,1063-6706;1941-0034,true,,
IEEE transactions on geoscience and remote sensing,0196-2892;1558-0644,true,,
IEEE transactions on image processing,1057-7149;1941-0042,true,,
IEEE transactions on industrial electronics,0278-0046;1557-9948,true,,
IEEE transactions on industrial informatics,1551-3203;1941-0050,true,,
IEEE transactions on information theory,0018-9448;1557-9654,true,,
IEEE transactions on instrumentation and measurement,0018-9456;1557-9662,true,,
IEEE transactions on knowledge and data engineering,1041-4347;2326-3865,true,,
IEEE transactions on medical imaging,0278-0062;1558-254X,true,,
IEEE transactions on mobile computing,2161-9875;1536-1233,true,,
IEEE transactions on multimedia,1520-9210;1941-0077,true,,
IEEE Transactions on Neural Networks and Learning Systems,2162-237X;2162-2388,true,,
IEEE transactions on pattern analysis and machine intelligence,0162-8828;1939-3539,true,,
IEEE transactions on power electronics,0885-8993;1941-0107,true,,
IEEE transactions on robotics,1552-3098;1941-0468,true,,
IEEE transactions on signal processing,1053-587X;1941-0476,true,,
IEEE transactions on smart grid,1949-3053;1949-3061,true,,
IEEE transactions on software engineering,0098-5589;2326-3881,true,,
IEEE transactions on cybernetics,2168-2267;2168-2275,true,,
IEEE transactions on vehicular technology,0018-9545;1939-9359,true,,
IEEE transactions on wireless communications,1536-1276;1558-2248,true,,
IEEE transactions on visualization and computer graphics,1077-2626;1941-0506,true,,
IEEE-ASME transactions on mechatronics,1083-4435;1941-014X,true,,
Iic-international review of intellectual property and competition law,0018-9855;2195-0237,true,,
Immunity,1074-7613;1097-4180,true,,
Industrial marketing management,0019-8501;1873-2062,true,,
Information and organization,1471-7727;1873-7919,true,,
Information and software technology,0950-5849;1873-6025,true,,
Information fusion,1566-2535;1872-6305,true,,
Information processing and management,0306-4573;1873-5371,true,,
Information retrieval,1386-4564;1573-7659,false,2023-01-01,inactive in JUFO (Year_End 2023; year only)
Information sciences,0020-0255;1872-6291,true,,
Information systems journal,1350-1917;1365-2575,true,,
Information systems research,1047-7047;1526-5536,true,,
Instructional science,0020-4277;1573-1952,true,,
Intelligence,0160-2896;1873-7935,true,,
Intensive care medicine,0342-4642;1432-1238,true,,
Intercultural pragmatics,1612-295X;1613-365X,true,,
International affairs,0020-5850;1468-2346,true,,
International and comparative law quarterly,0020-5893;1471-6895,true,,
International economic review,1468-2354;0020-6598,true,,
International endodontic journal,0143-2885;1365-2591,true,,
International history review,0707-5332;1949-6540,true,,
International journal for the psychology of religion,1050-8619;1532-7582,true,,
International journal of behavioral nutrition and physical activity,1479-5868,true,,
International journal of bilingualism,1367-0069;1756-6878,true,,
International journal of computer vision,0920-5691;1573-1405,true,,
International journal of computer-supported collaborative learning,1556-1607;1556-1615,true,,
International journal of corpus linguistics,1384-6655;1569-9811,true,,
International journal of cultural studies,1367-8779;1460-356X,true,,
International journal of design,1991-3761;1994-036X,true,,
International journal of education through art,1743-5234;2040-090X,true,,
International journal of epidemiology,0300-5771;1464-3685,true,,
International journal of food microbiology,0168-1605;1879-3460,true,,
International journal of heritage studies,1352-7258;1470-3610,true,,
International journal of human-computer studies,1071-5819;1095-9300,true,,
International journal of information management,0268-4012;1873-4707,true,,
International journal of language and communication disorders,1368-2822;1460-6984,true,,
International journal of machine tools and manufacture,0890-6955;1879-2170,true,,
International journal of medical informatics,1386-5056;1872-8243,true,,
International journal of nursing studies,0020-7489;1873-491X,true,,
International journal of obesity,0307-0565;1476-5497,true,,
International journal of operations and production management,0144-3577;1758-6593,true,,
International journal of plasticity,0749-6419;1879-2154,true,,
International journal of press-politics,1940-1612;1940-1620,true,,
International journal of project management,0263-7863;1873-4634,true,,
International journal of refugee law,0953-8186;1464-3715,true,,
International journal of research in marketing,0167-8116;1873-8001,true,,
International journal of robotics research,0278-3649;1741-3176,true,,
International journal of rock mechanics and mining sciences,1365-1609;1873-4545,true,,
International journal of science education,0950-0693;1464-5289,true,,
International journal of systematic theology,1463-1652;1468-2400,true,,
International journal of the sociology of language,0165-2516;1613-3668,true,,
International journal of urban and regional research,0309-1317;1468-2427,true,,
International organization,0020-8183;1531-5088,true,,
International review of law and economics,0144-8188;1873-6394,true,,
International review of social history,0020-8590;1469-512X,true,,
International security,0162-2889;1531-4804,true,,
International studies quarterly,0020-8833;1468-2478,true,,
Internationales Archiv für Sozialgeschichte der deutschen Literatur,0340-4528;1865-9128,true,,
Internet and higher education,1096-7516;1873-5525,true,,
Inventiones mathematicae,0020-9910;1432-1297,true,,
Inverse problems,0266-5611;1361-6420,true,,
Investigative radiology,0020-9996;1536-0210,true,,
Isis,0021-1753;1545-6994,true,,
Islam: zeitschrift fur geschichte und kultur des islamischen orients,0021-1818;1613-0928,true,,
Isme journal,1751-7362;1751-7370,true,,
Italian studies,0075-1634;1748-6181,true,,
JACC : cardiovascular imaging,1936-878X;1876-7591,true,,
Jahrbücher für Geschichte Osteuropas,0021-4019;2366-2891,true,,
JAMA : Journal of the American Medical Association,0098-7484;1538-3598,true,,
Journal de mathematiques pures et appliquees,0021-7824;1776-3371,true,,
Journal for research in mathematics education,0021-8251;1945-2306,true,,
Journal for the scientific study of religion,0021-8294;1468-5906,true,,
Journal for the study of judaism,0047-2212;1570-0631,true,,
Journal for the study of the new testament,0142-064X;1745-5294,true,,
Journal for the study of the old testament,0309-0892;1476-6728,true,,
Journal fur die reine und angewandte mathematik,0075-4102;1435-5345,true,,
Journal of accounting and economics,0165-4101;1879-1980,true,,
Journal of accounting research,0021-8456;1475-679X,true,,
Journal of advanced nursing,0309-2402;1365-2648,true,,
Journal of aesthetics and art criticism,0021-8529;1540-6245,true,,
Journal of African history,0021-8537;1469-5138,true,,
Journal of African languages and linguistics,0167-6164;1613-3811,true,,
Journal of agricultural and food chemistry,0021-8561;1520-5118,true,,
Journal of allergy and clinical immunology,0091-6749;1097-6825,true,,
Journal of American folklore,0021-8715;1535-1882,true,,
Journal of American history,0021-8723;1945-2314,true,,
Journal of animal ecology,0021-8790;1365-2656,true,,
Journal of anthropological archaeology,0278-4165;1090-2686,true,,
Journal of applied ecology,0021-8901;1365-2664,true,,
Journal of applied psychology,0021-9010;1939-1854,true,,
Journal of archaeological method and theory,1072-5369;1573-7764,true,,
Journal of archaeological research,1059-0161;1573-7756,true,,
Journal of archaeological science,0305-4403;1095-9238,true,,
Journal of architecture,1360-2365;1466-4410,true,,
Journal of artificial intelligence research,1076-9757;1943-5037,true,,
"Journal of arts management, law, and society",1063-2921;1930-7799,true,,
Journal of asian history,0021-910X,true,,
Journal of asian studies,0021-9118;1752-0401,true,,
Journal of biblical literature,0021-9231;1934-3876,true,,
Journal of bone and joint surgery : American volume,0021-9355;1535-1386,true,,
The bone and joint journal,2049-4394;2049-4408,true,,
Journal of bone and mineral research,0884-0431;1523-4681,true,,
Journal of business and economic statistics,0735-0015;1537-2707,true,,
Journal of business venturing,0883-9026;1873-2003,true,,
Journal of catalysis,0021-9517;1090-2694,true,,
Journal of cell biology,0021-9525;1540-8140,true,,
Journal of cerebral blood flow and metabolism,1559-7016;0271-678X,true,,
Journal of child language,0305-0009;1469-7602,true,,
Journal of child psychology and psychiatry,0021-9630;1469-7610,true,,
Journal of clinical endocrinology and metabolism,0021-972X;1945-7197,true,,
Journal of clinical epidemiology,0895-4356;1878-5921,true,,
Journal of clinical investigation,0021-9738;1558-8238,true,,
Journal of clinical nursing,0962-1067;1365-2702,true,,
Journal of clinical oncology,0732-183X;1527-7755,true,,
Journal of clinical periodontology,0303-6979;1600-051X,true,,
Journal of combinatorial theory series a,0097-3165;1096-0899,true,,
Journal of communication,0021-9916;1460-2466,true,,
Journal of computational and graphical statistics,1061-8600;1537-2715,true,,
Journal of computer and system sciences,0022-0000;1090-2724,true,,
Journal of computer-mediated communication,1083-6101,true,,
Journal of conflict resolution,0022-0027;1552-8766,true,,
Journal of consulting and clinical psychology,0022-006X;1939-2117,true,,
Journal of consumer research,0093-5301;1537-5277,true,,
Journal of contemporary history,0022-0094;1461-7250,true,,
Journal of contemporary religion,1353-7903;1469-9419,true,,
Journal of controlled release,0168-3659;1873-4995,true,,
Journal of corporate finance,0929-1199;1872-6313,true,,
Journal of counseling psychology,0022-0167;1939-2168,true,,
Journal of cryptology,0933-2790;1432-1378,true,,
Journal of cultural heritage,1296-2074;1778-3674,true,,
Journal of curriculum studies,0022-0272;1366-5839,true,,
Journal of dairy science,0022-0302;1525-3198,true,,
Journal of dental research,0022-0345;1544-0591,true,,
Journal of design history,0952-4649;1741-7279,true,,
Journal of development economics,0304-3878;1872-6089,true,,
Journal of differential geometry,0022-040X;1945-743X,true,,
Journal of documentation,0022-0418;1758-7379,true,,
Journal of early christian studies,1067-6341;1086-3184,true,,
Journal of early modern history,1385-3783;1570-0658,true,,
Journal of ecclesiastical history,0022-0469;1469-7637,true,,
Journal of ecology,0022-0477;1365-2745,true,,
Journal of econometrics,0304-4076;1872-6895,true,,
Journal of economic geography,1468-2702;1468-2710,true,,
Journal of economic history,0022-0507;1471-6372,true,,
Journal of economic literature,0022-0515;1547-1101,true,,
Journal of economic theory,0022-0531;1095-7235,true,,
Journal of education policy,0268-0939;1464-5106,true,,
Journal of educational psychology,0022-0663;1939-2176,true,,
Journal of egyptian archaeology,0307-5133,true,,
Journal of english and germanic philology,0363-6941;1945-662X,true,,
Journal of english linguistics,0075-4242;1552-5457,true,,
Journal of environmental economics and management,0095-0696;1096-0449,true,,
Journal of environmental law,0952-8873;1464-374X,true,,
Journal of environmental psychology,0272-4944;1522-9610,true,,
Journal of epidemiology and community health,0143-005X;1470-2738,true,,
Journal of ethnic and migration studies,1369-183X;1469-9451,true,,
Journal of european public policy,1350-1763;1466-4429,true,,
Journal of european social policy,0958-9287;1461-7269,true,,
Journal of experimental medicine,0022-1007;1540-9538,true,,
Journal of experimental psychology: general,0096-3445;1939-2222,true,,
Journal of finance,1540-6261;0022-1082,true,,
Journal of financial and quantitative analysis,0022-1090;1756-6916,true,,
Journal of financial economics,0304-405X;1879-2774,true,,
Journal of financial intermediation,1042-9573;1096-0473,true,,
Journal of fluid mechanics,0022-1120;1469-7645,true,,
Journal of folklore research,0737-7037;1543-0413,true,,
Journal of french language studies,0959-2695;1474-0079,true,,
Journal of geophysical research,0148-0227;2156-2202,false,2013-01-01,inactive in JUFO (Year_End 2013; year only)
Journal of global history,1740-0228;1740-0236,true,,
Journal of global optimization,0925-5001;1573-2916,true,,
Journal of hazardous materials,0304-3894;1873-3336,true,,
Journal of health economics,0167-6296;1879-1646,true,,
Journal of hellenic studies,0075-4269;2041-4099,true,,
Journal of hepatology,0168-8278;1600-0641,true,,
Journal of high energy physics,1126-6708;1029-8479,true,,
Journal of higher education,0022-1546;1538-4640,true,,
Journal of hydrology,0022-1694;1879-2707,true,,
Journal of information science,0165-5515;1741-6485,true,,
Journal of information technology,0268-3962;1466-4437,true,,
Journal of informetrics,1751-1577;1875-5879,true,,
Journal of interdisciplinary history,0022-1953;1530-9169,true,,
Journal of international business studies,0047-2506;1478-6990,true,,
Journal of international economic law,1369-3034;1464-3758,true,,
Journal of international economics,0022-1996;1873-0353,true,,
Journal of investigative dermatology,0022-202X;1523-1747,true,,
Journal of jewish studies,0022-2097;2056-6689,true,,
Journal of labor economics,0734-306X;1537-5307,true,,
Journal of language and social psychology,0261-927X;1552-6526,true,,
Journal of latin american studies,0022-216X;1469-767X,true,,
Journal of law and society,0263-323X;1467-6478,true,,
Journal of learning disabilities,0022-2194;1538-4780,true,,
Journal of lightwave technology,0733-8724;1558-2213,true,,
Journal of linguistic anthropology,1055-1360;1548-1395,true,,
Journal of linguistics,0022-2267;1469-7742,true,,
Journal of machine learning research,1532-4435;1533-7928,true,,
Journal of management,0149-2063;1557-1211,true,,
Journal of management information systems,0742-1222;1557-928X,true,,
Journal of management studies,0022-2380;1467-6486,true,,
Journal of manufacturing systems,0278-6125;1878-6642,true,,
Journal of marketing,0022-2429;1547-7185,true,,
Journal of marketing research,0022-2437;1547-7193,true,,
Journal of marriage and the family,0022-2445;1741-3737,true,,
Journal of material culture,1359-1835;1460-3586,true,,
Journal of materials chemistry,0959-9428;1364-5501,false,2012-01-01,inactive in JUFO (Year_End 2012; year only)
Journal of mathematical biology,0303-6812;1432-1416,true,,
Journal of medical ethics,0306-6800;1473-4257,true,,
Journal of medicinal chemistry,0022-2623;1520-4804,true,,
Journal of medieval and early modern studies,1082-9636;1527-8263,true,,
Journal of medieval history,0304-4181;1873-1279,true,,
Journal of modern history,0022-2801;1537-5358,true,,
Journal of modern literature,0022-281X;1529-1464,true,,
Journal of monetary economics,0304-3932;1873-1295,true,,
Journal of multilingual and multicultural development,0143-4632;1747-7557,true,,
Journal of musicology,1533-8347;0277-9269,true,,
Journal of neurology neurosurgery and psychiatry,0022-3050;1468-330X,true,,
Journal of neuroscience,1529-2401;0270-6474,true,,
Journal of new music research,1744-5027;0929-8215,true,,
Journal of nuclear medicine,0161-5505;1535-5667,true,,
Journal of nursing management,0966-0429;1365-2834,true,,
Journal of nutritional biochemistry,0955-2863;1873-4847,true,,
Journal of occupational health psychology,1076-8998;1939-1307,true,,
Journal of operations management,0272-6963;1873-1317,true,,
Journal of organizational behavior,0894-3796;1099-1379,true,,
Journal of pathology,0022-3417;1096-9896,true,,
Journal of peace research,0022-3433;1460-3578,true,,
Journal of peasant studies,0306-6150;1743-9361,true,,
Journal of personality,0022-3506;1467-6494,true,,
Journal of personality and social psychology,0022-3514;1939-1315,true,,
Journal of philosophical logic,0022-3611;1573-0433,true,,
Journal of philosophy,0022-362X;1939-8549,true,,
Journal of philosophy of education,0309-8249;1467-9752,true,,
Journal of phonetics,0095-4470,true,,
Journal of physical chemistry letters,1948-7185,true,,
Journal of policy analysis and management,0276-8739;1520-6688,true,,
Journal of political economy,0022-3808;1537-534X,true,,
Journal of politics,0022-3816;1468-2508,true,,
Journal of pragmatics,0378-2166;1879-1387,true,,
Journal of private international law,1744-1048;1757-8418,true,,
Journal of product innovation management,0737-6782;1540-5885,true,,
Journal of public administration research and theory,1053-1858;1477-9803,true,,
Journal of public economics,0047-2727;1879-2316,true,,
Journal of quantitative criminology,0748-4518;1573-7799,true,,
Journal of religious ethics,0384-9694;1467-9795,true,,
Journal of research in crime and delinquency,0022-4278;1552-731X,true,,
Journal of research in science teaching,0022-4308;1098-2736,true,,
Journal of retailing,1873-3271;0022-4359,true,,
Journal of roman archaeology,1047-7594;2331-5709,true,,
Journal of roman studies,0075-4358;1753-528X,true,,
Journal of semantics,0167-5133;1477-4593,true,,
Journal of service research,1094-6705;1552-7379,true,,
Journal of social archaeology,1469-6053;1741-2951,true,,
Journal of social history,0022-4529;1527-1897,true,,
Journal of social policy,0047-2794;1469-7823,true,,
Journal of sociolinguistics,1360-6441;1467-9841,true,,
Journal of special education,0022-4669;1538-4764,true,,
"Journal of speech, language, and hearing research",1092-4388;1558-9102,true,,
Journal of strategic information systems,0963-8687;1873-1198,true,,
Journal of supply chain management,1523-2409;1745-493X,true,,
Journal of sustainable tourism,0966-9582;1747-7646,true,,
Journal of systems and software,0164-1212;1873-1228,true,,
Journal of teacher education,0022-4871;1552-7816,true,,
Journal of the academy of marketing science,0092-0703;1552-7824,true,,
Journal of the ACM,0004-5411;1557-735X,true,,
Journal of the acoustical society of america,1520-8524;0001-4966,true,,
Journal of the american academy of child and adolescent psychiatry,0890-8567;1527-5418,true,,
Journal of the american academy of religion,0002-7189;1477-4585,true,,
Journal of the American Chemical Society,0002-7863;1520-5126,true,,
Journal of the american college of cardiology,0735-1097;1558-3597,true,,
Journal of the american college of surgeons,1072-7515;1879-1190,true,,
Journal of the american geriatrics society,0002-8614;1532-5415,true,,
Journal of the american mathematical society,1088-6834;0894-0347,true,,
Journal of the american musicological society,0003-0139;1547-3848,true,,
Journal of the Association for Information Science and Technology,2330-1635;2330-1643,true,,
Journal of the american society of nephrology,1046-6673;1533-3450,true,,
Journal of the american statistical association,0162-1459;1537-274X,true,,
Journal of the association for information systems,1536-9323,true,,
Journal of the british society for phenomenology,0007-1773;2332-0486,true,,
Journal of the european economic association,1542-4766;1542-4774,true,,
Journal of the European Mathematical Society,1435-9855;1435-9863,true,,
Journal of the history of ideas,0022-5037;1086-3222,true,,
Journal of the history of philosophy,0022-5053;1538-4586,true,,
Journal of the learning sciences,1050-8406;1532-7809,true,,
Journal of the london mathematical society: second series,0024-6107;1469-7750,true,,
Journal of the mechanics and physics of solids,0022-5096;1873-4782,true,,
Journal of the national cancer institute,0027-8874;1460-2105,true,,
Journal of the royal anthropological institute,1359-0987;1467-9655,true,,
Journal of the royal musical association,0269-0403;1471-6933,true,,
Journal of the royal statistical society series b : statistical methodology,1369-7412;1467-9868,true,,
Journal of the society of architectural historians,0037-9808;2150-5926,true,,
Journal of the warburg and courtauld institutes,0075-4390;2044-0014,true,,
Journal of theological studies,0022-5185;1477-4607,true,,
Journal of travel research,0047-2875;1552-6763,true,,
Journal of urban economics,0094-1190;1095-9068,true,,
Journal of visual culture,1470-4129;1741-2994,true,,
Journal of women's history,1042-7961;1527-2036,true,,
Journal of world business,1090-9516;1878-5573,true,,
Journal of world history,1045-6007;1527-8050,true,,
Journal of world prehistory,0892-7537;1573-7802,true,,
Journalism,1464-8849;1741-3001,true,,
Journalism studies,1461-670X;1469-9699,true,,
Journals of gerontology series a: biological sciences and medical sciences,1079-5006;1758-535X,true,,
Justice quarterly,0741-8825;1745-9109,true,,
Kant-studien,0022-8877;1613-1134,true,,
Kerygma und dogma: zeitschrift fur theologische forschung und kirchliche lehre,0023-0707;2196-8020,true,,
Kidney international,0085-2538;1523-1755,true,,
Konsthistorisk tidskrift,0023-3609;1651-2294,true,,
Labor history,0023-656X;1469-9702,true,,
The Lancet,0140-6736;1474-547X,true,,
The Lancet Infectious Diseases,1473-3099;1474-4457,true,,
The Lancet Neurology,1474-4422;1474-4465,true,,
The Lancet Oncology,1470-2045;1474-5488,true,,
Landscape and urban planning,0169-2046;1872-6062,true,,
Langages,0458-726X;1958-9549,true,,
Language,1535-0665;0097-8507,true,,
Language and communication,0271-5309;1873-3395,true,,
Language and literature,0963-9470;1461-7293,true,,
Language and speech,0023-8309;1756-6053,true,,
Language in society,0047-4045;1469-8013,true,,
Language learning,0023-8333;1467-9922,true,,
Language policy,1568-4555;1573-1863,true,,
Language resources and evaluation,1574-020X;1574-0218,true,,
Language sciences,0388-0001;1873-5746,true,,
Language teaching,0261-4448;1475-3049,true,,
Language teaching research,1362-1688;1477-0954,true,,
Language variation and change,0954-3945;1469-8021,true,,
Langue francaise,0023-8368;1957-7982,true,,
Laser and photonics reviews,1863-8880;1863-8899,true,,
Law and society review,0023-9216;1540-5893,true,,
Law and philosophy,0167-5249;1573-0522,true,,
Leadership quarterly,1048-9843;1873-3409,true,,
Learning and individual differences,1041-6080;1873-3425,true,,
Learning and instruction,0959-4752;1873-3263,true,,
Legal theory,1352-3252;1469-8048,true,,
Legislative studies quarterly,0362-9805;1939-9162,true,,
Leonardo,0024-094X;1530-9282,true,,
Leukemia,0887-6924;1476-5551,true,,
Library and information science research,0740-8188;1873-1848,true,,
Limnology and oceanography,0024-3590;1939-5590,true,,
Linguistic inquiry,0024-3892;1530-9150,true,,
Linguistic review,0167-6318;1613-3676,true,,
Linguistic typology,1430-0532;1613-415X,true,,
Linguistics,0024-3949;1613-396X,true,,
Linguistics and philosophy,0165-0157;1573-0549,true,,
Literature and theology,0269-1205;1477-4623,true,,
Living reviews in relativity,1433-8351,true,,
Long range planning,0024-6301;1873-1872,true,,
Manufacturing and service operations management,1523-4614;1526-5498,true,,
Maastricht journal of european and comparative law,1023-263X;2399-5548,true,,
Machine learning,0885-6125;1573-0565,true,,
Macromolecules,0024-9297;1520-5835,true,,
Management accounting research,1044-5005;1096-1224,true,,
Management science,0025-1909;1526-5501,true,,
Marine structures,0951-8339;1873-4170,true,,
Marketing science,0732-2399;1526-548X,true,,
Materials & design,0264-1275;1873-4197,true,,
Materials today,1369-7021;1873-4103,true,,
Mathematical programming,0025-5610;1436-4646,true,,
Mathematics of computation,1088-6842;0025-5718,true,,
Mathematics of operations research,0364-765X;1526-5471,true,,
Mathematische annalen,0025-5831;1432-1807,true,,
Mechanical systems and signal processing,0888-3270;1096-1216,true,,
Media culture and society,0163-4437;1460-3675,true,,
Medical anthropology,0145-9740;1545-5882,true,,
Medical decision making,0272-989X;1552-681X,true,,
Medical education,0308-0110;1365-2923,true,,
Medical image analysis,1361-8415;1361-8431,true,,
Medicine and science in sports and exercise,0195-9131;1530-0315,true,,
Memoirs of the american mathematical society,0065-9266;1947-6221,true,,
Meta,0026-0452;1492-1421,true,,
Metaphor and symbol,1092-6488;1532-7868,true,,
Method and theory in the study of religion,0943-3058;1570-0682,true,,
Methods of information in medicine,0026-1270;2511-705X,true,,
Mfs: modern fiction studies,0026-7724;1080-658X,true,,
Milbank quarterly,0887-378X;1468-0009,true,,
Mind,0026-4423;1460-2113,true,,
Mind and language,0268-1064;1468-0017,true,,
Minerals engineering,0892-6875;1872-9444,true,,
Minerva,0026-4695;1573-1871,true,,
Mis quarterly,0276-7783;2162-9730,true,,
Modern language journal,0026-7902;1540-4781,true,,
Modern language quarterly,0026-7929;1527-1943,true,,
Modern theology,0266-7177;1468-0025,true,,
Molecular aspects of medicine,0098-2997;1872-9452,true,,
Molecular biology and evolution,0737-4038;1537-1719,true,,
Molecular cancer,1476-4598,true,,
Molecular cell,1097-2765;1097-4164,true,,
Molecular ecology,0962-1083;1365-294X,true,,
Molecular neurodegeneration,1750-1326,true,,
Molecular plant,1674-2052;1752-9867,true,,
Molecular psychiatry,1359-4184;1476-5578,true,,
Molecular systems biology,1744-4292,true,,
Molecular therapy,1525-0016;1525-0024,true,,
Monthly notices of the royal astronomical society : letters,1745-3933,false,2025-01-01,inactive in JUFO (Year_End 2025; year only)
Mosaic: a journal for the interdisciplinary study of literature,0027-1276;1925-5683,true,,
Movement disorders,0885-3185;1531-8257,true,,
Music analysis,0262-5245;1468-2249,true,,
Music education research,1461-3808;1469-9893,true,,
Music theory spectrum,0195-6167;1533-8339,true,,
Musicae scientiae,1029-8649;2045-4147,true,,
Nano letters,1530-6984;1530-6992,true,,
Nano today,1748-0132;1878-044X,true,,
Nanoscale,2040-3364;2040-3372,true,,
Nations and nationalism,1354-5078;1469-8129,true,,
Natural language and linguistic theory,0167-806X;1573-0859,true,,
Natural language engineering,1351-3249;1469-8110,true,,
Nature,0028-0836;1476-4687,true,,
Nature biotechnology,1087-0156;1546-1696,true,,
Nature cell biology,1465-7392;1476-4679,true,,
Nature chemical biology,1552-4450;1552-4469,true,,
Nature chemistry,1755-4330;1755-4349,true,,
Nature climate change,1758-678X;1758-6798,true,,
Nature communications,2041-1723,true,,
Nature genetics,1061-4036;1546-1718,true,,
Nature geoscience,1752-0894;1752-0908,true,,
Nature immunology,1529-2908;1529-2916,true,,
Nature materials,1476-1122;1476-4660,true,,
Nature medicine,1078-8956;1546-170X,true,,
Nature methods,1548-7091;1548-7105,true,,
Nature nanotechnology,1748-3387;1748-3395,true,,
Nature neuroscience,1097-6256;1546-1726,true,,
Nature photonics,1749-4885;1749-4893,true,,
Nature physics,1745-2473;1745-2481,true,,
Nature reviews drug discovery,1474-1776;1474-1784,true,,
Nature reviews immunology,1474-1733;1474-1741,true,,
Nature reviews microbiology,1740-1526;1740-1534,true,,
Nature reviews neurology,1759-4758;1759-4766,true,,
Nature reviews neuroscience,1471-003X;1471-0048,true,,
Nature structural and molecular biology,1545-9993;1545-9985,true,,
Neue zeitschrift fur systematische theologie und religionsphilosophie,0028-3517;1612-9520,true,,
Neural computation,0899-7667;1530-888X,true,,
Neural networks,0893-6080;1879-2782,true,,
Neuroimage,1053-8119;1095-9572,true,,
Neurology,0028-3878;1526-632X,true,,
Neuron,0896-6273;1097-4199,true,,
Neuropharmacology,0028-3908;1873-7064,true,,
Neuropsychopharmacology,0893-133X;1740-634X,true,,
Neuroscience and biobehavioral reviews,0149-7634;1873-7528,true,,
The new england journal of medicine,0028-4793;1533-4406,true,,
New german critique,0094-033X;1558-1462,true,,
New literary history,0028-6087;1080-661X,true,,
New media and society,1461-4448;1461-7315,true,,
New phytologist,0028-646X;1469-8137,true,,
New political economy,1356-3467;1469-9923,true,,
New testament studies,0028-6885;1469-8145,true,,
Nineteenth-century literature,0891-9356;1067-8352,true,,
Nordic journal of linguistics,0332-5865;1502-4717,true,,
Nordic journal of religion and society,0809-7291;1890-7008,true,,
Nous,0029-4624;1468-0068,true,,
Novel: a forum on fiction,0029-5132;1945-8509,true,,
Novum testamentum,0048-1009;1568-5365,true,,
Nuclear engineering and design,0029-5493;1872-759X,true,,
Nucleic acids research,0305-1048;1362-4962,true,,
Numen,0029-5973;1568-5276,true,,
Numerische mathematik,0029-599X;0945-3245,true,,
Nursing ethics,0969-7330;1477-0989,true,,
Nursing research,0029-6562;1538-9847,true,,
Obstetrics and gynecology,0029-7844;1873-233X,true,,
Occupational and environmental medicine,1351-0711;1470-7926,true,,
October,0162-2870;1536-013X,true,,
Ocular surface,1542-0124;1937-5913,true,,
Operations research,0030-364X;1526-5463,true,,
Ophthalmology,0161-6420;1549-4713,true,,
Orbis litterarum,0105-7510;1600-0730,true,,
Organised sound,1355-7718;1469-8153,true,,
Organization,1350-5084;1461-7323,true,,
Organization science,1047-7039;1526-5455,true,,
Organization studies,0170-8406;1741-3044,true,,
Organizational behavior and human decision processes,0749-5978;1095-9920,true,,
Organizational research methods,1094-4281;1552-7425,true,,
Osiris,0369-7827;1933-8287,true,,
Oxford art journal,0142-6540;1741-7287,true,,
Oxford german studies,0078-7191;1745-9214,true,,
Oxford journal of legal studies,0143-6503;1464-3820,true,,
Pain,0304-3959;1872-6623,true,,
Papers of the british school at rome,0068-2462;2045-239X,true,,
Paragraph,0264-8334;1750-0176,true,,
Partial answers: journal of literature and the history of ideas,1565-3668;1936-9247,true,,
Party politics,1354-0688;1460-3683,true,,
Past and present,0031-2746;1477-464X,true,,
Pattern recognition,0031-3203;1873-5142,true,,
Pediatrics,0031-4005;1098-4275,true,,
Performance research,1352-8165;1469-9990,true,,
Personality and social psychology bulletin,0146-1672;1552-7433,true,,
Personality and social psychology review,1088-8683;1532-7957,true,,
Perspectives on politics,1537-5927;1541-0986,true,,
Perspectives on psychological science,1745-6916;1745-6924,true,,
Perspectives: studies in translation theory and practice,0907-676X;1747-6623,true,,
Pharmacological research,1043-6618;1096-1186,true,,
Pharmacological reviews,0031-6997;1521-0081,true,,
Phenomenology and the cognitive sciences,1568-7759;1572-8676,true,,
Philological quarterly,0031-7977;2169-5342,true,,
Philologus,0031-7985;2196-7008,true,,
Philosophers imprint,1533-628X,true,,
Philosophical quarterly,0031-8094;1467-9213,true,,
Philosophical review,0031-8108;1558-1470,true,,
Philosophical studies,0031-8116;1573-0883,true,,
Philosophy and public affairs,0048-3915;1088-4963,true,,
Philosophy and literature,0190-0013;1086-329X,true,,
Philosophy and phenomenological research,0031-8205;1933-1592,true,,
Philosophy of science,0031-8248;1539-767X,true,,
Phonetica,0031-8388;1423-0321,true,,
Phonology,0952-6757;1469-8188,true,,
Phronesis,0031-8868;1568-5284,true,,
Physical chemistry chemical physics,1463-9076;1463-9084,true,,
Physical review letters,0031-9007;1079-7114,true,,
Physical review x,2160-3308,true,,
Physics letters B,0370-2693;1873-2445,true,,
Physics reports : review section of physics letters,0370-1573;1873-6270,true,,
Physiological reviews,0031-9333;1522-1210,true,,
Plant biotechnology journal,1467-7644;1467-7652,true,,
Plant cell,1040-4651;1532-298X,true,,
Plant cell and environment,0140-7791;1365-3040,true,,
Plant physiology,0032-0889;1532-2548,true,,
PLoS biology,1544-9173;1545-7885,true,,
PLoS computational biology,1553-7358;1553-734X,true,,
PLoS medicine,1549-1277;1549-1676,true,,
PLoS pathogens,1553-7366;1553-7374,true,,
Pmla: publications of the modern language association of america,0030-8129;1938-1530,true,,
Poetica: zeitschrift fur sprach: und literaturwissenschaft,0303-4178;2589-0530,true,,
Poetics,0304-422X;1872-7514,true,,
Poetics today,0333-5372;1527-5507,true,,
Poetique,0032-2024,true,,
Policy studies journal,0190-292X;1541-0072,true,,
Political analysis,1047-1987;1476-4989,true,,
Political behavior,0190-9320;1573-6687,true,,
Political communication,1058-4609;1091-7675,true,,
Political geography,0962-6298;1873-5096,true,,
Political research quarterly,1065-9129;1938-274X,true,,
Political studies,0032-3217;1467-9248,true,,
Political theory,0090-5917;1552-7476,true,,
Politics and society,0032-3292;1552-7514,true,,
Popular music,0261-1430;1474-0095,true,,
Popular music and society,0300-7766;1740-1712,true,,
Population and development review,0098-7921;1728-4457,true,,
Precambrian research,0301-9268;1872-7433,true,,
Preventive veterinary medicine,0167-5877;1873-1716,true,,
Probability theory and related fields,0178-8051;1432-2064,true,,
Proceedings of the IEEE,0018-9219;1558-2256,true,,
Proceedings of the london mathematical society,0024-6115;1460-244X,true,,
Proceedings of the National Academy of Sciences of the United States of America,0027-8424;1091-6490,true,,
Proceedings of the Royal Society B : biological sciences,0962-8452;1471-2954,true,,
Production and operations management,1059-1478;1937-5956,true,,
Progress in human geography,0309-1325;1477-0288,true,,
Progress in particle and nuclear physics,0146-6410;1873-2224,true,,
Progress in quantum electronics,0079-6727;1873-1627,true,,
Progress in retinal and eye research,1350-9462;1873-1635,true,,
Psychological assessment,1040-3590;1939-134X,true,,
Psychological bulletin,0033-2909;1939-1455,true,,
Psychological medicine,0033-2917;1469-8978,true,,
Psychological methods,1082-989X;1939-1463,true,,
Psychological review,0033-295X;1939-1471,true,,
Psychological science,0956-7976;1467-9280,true,,
Psychological science in the public interest,1529-1006;2160-0031,true,,
Psychology and aging,0882-7974;1939-1498,true,,
Psychology of music,0305-7356;1741-3087,true,,
Psychonomic bulletin and review,1069-9384;1531-5320,true,,
Psychotherapy and psychosomatics,0033-3190;1423-0348,true,,
Public administration,0033-3298;1467-9299,true,,
Public administration review,0033-3352;1540-6210,true,,
Public culture,0899-2363;1527-8018,true,,
Public management review,1471-9037;1471-9045,true,,
Public opinion quarterly,0033-362X;1537-5331,true,,
Publications mathématiques de l'IHES,0073-8301;1618-1913,true,,
Qualitative health research,1049-7323;1552-7557,true,,
Qualitative inquiry,1077-8004;1552-7565,true,,
Qualitative research,1468-7941;1741-3109,true,,
BMJ quality and safety,2044-5415;2044-5423,true,,
Quality of life research,0962-9343;1573-2649,true,,
Quantitative economics,1759-7323;1759-7331,true,,
Quarterly journal of economics,0033-5533;1531-4650,true,,
Quaternary science reviews,0277-3791;1873-457X,true,,
Radiology,0033-8419;1527-1315,true,,
Rand journal of economics,0741-6261;1756-2171,true,,
Ratio juris,0952-1917;1467-9337,true,,
Reading research quarterly,0034-0553;1936-2722,true,,
Recall,0958-3440;1474-0109,true,,
Regional studies,0034-3404;1360-0591,true,,
Regulation and governance,1748-5983;1748-5991,true,,
Reliability engineering and system safety,0951-8320;1879-0836,true,,
Religion,0048-721X;1096-1151,true,,
Remote sensing of environment,0034-4257;1879-0704,true,,
Renaissance studies: journal of the society for renaissance studies,0269-1213;1477-4658,true,,
Reports on progress in physics,0034-4885;1361-6633,true,,
Representations,0734-6018;1533-855X,true,,
Research in dance education,1464-7893;1470-1111,true,,
Research in engineering design,0934-9839;1435-6066,true,,
Research on language and social interaction,0835-1813;1532-7973,true,,
Research policy,0048-7333;1873-7625,true,,
Research studies in music education,1321-103X;1834-5530,true,,
Resuscitation,0300-9572;1873-1570,true,,
Rethinking history,1364-2529;1470-1154,true,,
Review of accounting studies,1380-6653;1573-7136,true,,
Review of economic dynamics,1094-2025;1096-6099,true,,
Review of economic studies,0034-6527;1467-937X,true,,
Review of economics and statistics,0034-6535;1530-9142,true,,
Review of educational research,0034-6543;1935-1046,true,,
Review of finance,1572-3097;1875-824X,true,,
Review of financial studies,0893-9454;1465-7368,true,,
Review of international organizations,1559-7431;1559-744X,true,,
Review of international political economy,0969-2290;1466-4526,true,,
Review of religious research,0034-673X;2211-4866,true,,
Reviews of geophysics,8755-1209;1944-9208,true,,
Reviews of modern physics,0034-6861;1539-0756,true,,
Revue d'histoire litteraire de la France,0035-2411;2105-2689,true,,
Revue de l'histoire des religions,0035-1423;2105-2573,true,,
Revue de philologie de litterature et d histoire anciennes,0035-1652;1760-8430,true,,
Revue Romane,0035-3906;1600-0811,true,,
Rhetorica: a journal of the history of rhetoric,0734-8584;1533-8541,true,,
Research in drama education: the journal of applied theatre and performance,1356-9783;1470-112X,true,,
Robotics and computer-integrated manufacturing,0736-5845;1879-2537,true,,
Romanische forschungen,0035-8126;1864-0737,true,,
Russian linguistics,0304-3487;1572-8714,true,,
Russian literature,0304-3479;1878-3678,false,2023-01-01,inactive in JUFO (Year_End 2023; year only)
Scandinavian journal of history,0346-8755;1502-7716,true,,
Scandinavian journal of the old testament,0901-8328;1502-7244,true,,
Schizophrenia bulletin,0586-7614;1745-1701,true,,
Science,0036-8075;1095-9203,true,,
Science education,0036-8326;1098-237X,true,,
Science technology and human values,0162-2439;1552-8251,true,,
Science translational medicine,1946-6234;1946-6242,true,,
Science-fiction studies,0091-7729;2327-6207,true,,
Scientific studies of reading,1088-8438;1532-799X,true,,
Screen,0036-9543;1460-2474,true,,
Scripta materialia,1359-6462;1872-8456,true,,
Scriptorium,0036-9772,true,,
Second language research,0267-6583;1477-0326,true,,
Security dialogue,0967-0106;1460-3640,true,,
Semiotica,0037-1998;1613-3692,true,,
Shakespeare quarterly,0037-3222;1538-3555,true,,
Siam journal on applied mathematics,1095-712X;0036-1399,true,,
Siam journal on computing,0097-5397;1095-7111,true,,
Siam journal on control and optimization,0363-0129;1095-7138,true,,
Siam journal on mathematical analysis,0036-1410;1095-7154,true,,
Siam journal on matrix analysis and applications,0895-4798;1095-7162,true,,
Siam journal on numerical analysis,1095-7170;0036-1429,true,,
Siam journal on optimization,1052-6234;1095-7189,true,,
Siam journal on scientific computing,1064-8275;1095-7197,true,,
Siam review,0036-1445;1095-7200,true,,
Sign language and linguistics,1387-9316;1569-996X,true,,
Signs,0097-9740;1545-6943,true,,
Slavic and east european journal,0037-6752;2325-7687,true,,
Small,1613-6810;1613-6829,true,,
Social analysis,0155-977X;1558-5727,true,,
Social anthropology,0964-0282;1469-8676,true,,
Social forces,0037-7732;1534-7605,true,,
Social history,0307-1022;1470-1200,true,,
Social history of medicine,0951-631X;1477-4666,true,,
Social networks,0378-8733;1879-2111,true,,
Social politics,1072-4745;1468-2893,true,,
Social problems,0037-7791;1533-8533,true,,
Social science and medicine,0277-9536;1873-5347,true,,
Social studies of science,0306-3127;1460-3659,true,,
Sociological methods and research,0049-1241;1552-8294,true,,
Sociological review,0038-0261;1467-954X,true,,
Sociological theory,0735-2751;1467-9558,true,,
Sociology of education,0038-0407;1939-8573,true,,
Sociology of health and illness,0141-9889;1467-9566,true,,
Sociology of religion,1069-4404;1759-8818,true,,
Sociology: the journal of the british sociological association,0038-0385;1469-8684,true,,
Software and systems modeling,1619-1366;1619-1374,true,,
Soil biology and biochemistry,0038-0717;1879-3428,true,,
South atlantic quarterly,0038-2876;1527-8026,true,,
Southern journal of philosophy,0038-4283;2041-6962,true,,
Space science reviews,0038-6308;1572-9672,true,,
Speculum: a journal of medieval studies,0038-7134;2040-8072,true,,
Spine,0362-2436;1528-1159,true,,
Sports medicine,0112-1642;1179-2035,true,,
Stanford law review,0038-9765;1939-8581,true,,
Statistical methods in medical research,0962-2802;1477-0334,true,,
Stem cells,1066-5099;1549-4918,true,,
Strategic entrepreneurship journal,1932-4391;1932-443X,true,,
Strategic management journal,0143-2095;1097-0266,true,,
Stroke,1524-4628;0039-2499,true,,
Structural safety,0167-4730;1879-3355,true,,
Studia islamica,0585-5292;1958-5705,true,,
Studia theologica : Nordic journal of theology,0039-338X;1502-7791,true,,
Studies in higher education,0307-5079;1470-174X,true,,
Studies in history and philosophy of science,0039-3681;1879-2510,true,,
Studies in language,0378-4177;1569-9978,true,,
Studies in mycology,0166-0616;1872-9797,true,,
Studies in romanticism,0039-3762;2330-118X,true,,
Studies in science education,0305-7267;1940-8412,true,,
Studies in second language acquisition,1470-1545;0272-2631,true,,
Studies in the novel,0039-3827;1934-1512,true,,
Substance,0049-2426;1527-2095,true,,
Surface science reports,0167-5729;1879-274X,true,,
Synthese,0039-7857;1573-0964,true,,
Systematic biology,1063-5157;1076-836X,true,,
Target: international journal of translation studies,0924-1884;1569-9986,true,,
Tdr,1054-2043;1531-4715,true,,
Teachers and teaching: theory and practice,1354-0602;1470-1278,true,,
Teaching and teacher education,0742-051X;1879-2480,true,,
Teaching in higher education,1356-2517;1470-1294,true,,
Technological forecasting and social change,0040-1625;1873-5509,true,,
Technology and culture,0040-165X;1097-3729,true,,
Technovation,0166-4972;1879-2383,true,,
Television and new media,1527-4764;1552-8316,true,,
Temenos,0497-1817;2342-7256,true,,
Text and talk,1860-7330;1860-7349,true,,
Textual practice,0950-236X;1470-1308,true,,
Cambridge law journal,0008-1973;1469-2139,true,,
The international journal of cultural policy,1028-6632;1477-2833,true,,
The modern law review,0026-7961;1468-2230,true,,
Theatre journal,0192-2882;1086-332X,true,,
Theatre research international,0307-8833;1474-0672,true,,
Theatre survey,0040-5574;1475-4533,true,,
Theoretical criminology,1362-4806;1461-7439,true,,
Theoretical economics,1933-6837;1555-7561,true,,
Theory and society,0304-2421;1573-7853,true,,
Tobacco control,0964-4563;1468-3318,true,,
Topics in early childhood special education,0271-1214;1538-4845,true,,
Tourism management,0261-5177;1879-3193,true,,
Toxicology and applied pharmacology,0041-008X;1096-0333,true,,
Transactions of the american mathematical society,0002-9947;1088-6850,true,,
Transactions of the american philological association,0360-5949;1533-0699,true,,
Transactions of the institute of british geographers,0020-2754;1475-5661,true,,
Transactions of the philological society,0079-1636;1467-968X,true,,
Transactions of the royal historical society,0080-4401;1474-0648,true,,
Transboundary and emerging diseases,1865-1674;1865-1682,true,,
Transnational environmental law,2047-1025;2047-1033,true,,
Transportation research part b: methodological,0191-2615;1879-2367,true,,
Transportation research part c: emerging technologies,0968-090X;1879-2359,true,,
Trends in cognitive sciences,1364-6613;1879-307X,true,,
Trends in ecology and evolution,0169-5347;1872-8383,true,,
Trends in neurosciences,0166-2236;1878-108X,true,,
Trends in pharmacological sciences,0165-6147;1873-3735,true,,
Urban history,0963-9268;1469-8706,true,,
Urban studies,0042-0980;1360-063X,true,,
User modeling and user-adapted interaction,0924-1868;1573-1391,true,,
Waste management,0956-053X;1879-2456,true,,
Water research,0043-1354;1879-2448,true,,
Water resources research,0043-1397;1944-7973,true,,
Wear,0043-1648;1873-2577,true,,
West european politics,0140-2382;1743-9655,true,,
Veterinary journal,1090-0233;1532-2971,true,,
Veterinary microbiology,0378-1135;1873-2542,true,,
Veterinary research,0928-4249;1297-9716,true,,
Vetus testamentum,0042-4935;1568-5330,true,,
Viator : medieval and renaissance studies,0083-5897;2031-0234,true,,
Victorian poetry,1530-7190;0042-5206,true,,
Wiener studien,0084-005X;1813-3924,true,,
Vierteljahrshefte fur zeitgeschichte,0042-5702;2196-7121,true,,
Vigiliae christianae,0042-6032;1570-0720,true,,
Vldb journal,1066-8888;0949-877X,true,,
Voprosy yazykoznaniya,0373-658X,true,,
Work and occupations,0730-8884;1552-8464,true,,
Work and stress,0267-8373;1464-5335,true,,
Work employment and society,0950-0170;1469-8722,true,,
World archaeology,0043-8243;1470-1375,true,,
World development,0305-750X;1873-5991,true,,
World politics,0043-8871;1086-3338,true,,
World psychiatry,1723-8617;2051-5545,true,,
Written communication,0741-0883;1552-8472,true,,
Yale law journal,1939-8611;0044-0094,true,,
Yearbook for traditional music,0740-1558;2304-3857,true,,
Zeitschrift fur deutsche philologie,0044-2496;1865-2018,true,,
Zeitschrift fur die alttestamentliche wissenschaft,0044-2526;1613-0103,true,,
Zeitschrift fur die neutestamentliche wissenschaft und die kunde der alteren kirche,0044-2615;1613-009X,true,,
Zeitschrift fur kunstgeschichte,0044-2992;2569-1619,true,,
Zeitschrift fur romanische philologie,0049-8661;1865-9063,true,,
Zeitschrift fur slawistik,0044-3506;2196-7016,true,,
Zeitschrift fur theologie und kirche,0044-3549;1868-7377,true,,
Acs catalysis,2155-5435,true,,
Advanced energy materials,1614-6832;1614-6840,true,,
Cancer discovery,2159-8274;2159-8290,true,,
"Discourse, context and media",2211-6958;2211-6966,true,,
European journal for philosophy of science,1879-4912;1879-4920,true,,
Genome medicine,1756-994X,true,,
International theory,1752-9719;1752-9727,true,,
Light: science & applications,2095-5545;2047-7538,true,,
Memory studies,1750-6980;1750-6999,true,,
Methods in ecology and evolution,2041-210X,true,,
Molecular nutrition and food research,1613-4125;1613-4133,true,,
Supplements to the journal for the study of judaism,1384-2161,true,,
Cambridge yearbook of European legal studies,1528-8870;2049-7636,true,,
Cell reports,2211-1247,true,,
"Forum of mathematics, pi",2050-5086,true,,
Foundations and trends in machine learning,1935-8237;1935-8245,true,,
Nano energy,2211-2855;2211-3282,true,,
The Lancet Diabetes & Endocrinology,2213-8587;2213-8595,true,,
Annual review of condensed matter physics,1947-5454;1947-5462,true,,
International journal of oral science,1674-2818;2049-3169,true,,
International journal of surgery,1743-9191;1743-9159,true,,
Living reviews in solar physics,1614-4961,true,,
JAMA internal medicine,2168-6106;2168-6114,true,,
JAMA neurology,2168-6149;2168-6157,true,,
JAMA ophthalmology,2168-6165;2168-6173,true,,
JAMA otolaryngology : head and neck surgery,2168-6181;2168-619X,true,,
JAMA pediatrics,2168-6203;2168-6211,true,,
JAMA psychiatry,2168-622X;2168-6238,true,,
Optica,2334-2536,true,,
2D materials,2053-1583,true,,
Arthritis and rheumatology,2326-5191;2326-5205,true,,
Digital journalism,2167-0811;2167-082X,true,,
"IEEE/ACM transactions on audio, speech, and language processing",2329-9290;2329-9304,false,2024-01-01,inactive in JUFO (Year_End 2024; year only)
Microbiome,2049-2618,true,,
The Lancet Respiratory Medicine,2213-2600;2213-2619,true,,
World tax journal,1878-4917;2352-9237,true,,
International review of sport and exercise psychology,1750-984X;1750-9858,true,,
Additive manufacturing,2214-8604;2214-7810,true,,
Academy of Management Discoveries,2168-1007,true,,
JAMA surgery,2168-6254;2168-6262,true,,
The Lancet global health,2572-116X;2214-109X,true,,
Archives and records,2325-7962;2325-7989,true,,
Nature plants,2055-0278,true,,
Science advances,2375-2548,true,,
The Lancet Psychiatry,2215-0366;2215-0374,true,,
The Lancet Haematology,2451-9960;2352-3026,true,,
Nature energy,2058-7546,true,,
ACS central science,2374-7943;2374-7951,true,,
npj quantum information,2056-6387,true,,
Nature reviews : Disease primers,2056-676X,true,,
JAMA oncology,2374-2437;2374-2445,true,,
Nature microbiology,2058-5276,true,,
Nature astronomy,2397-3366,true,,
Nature ecology & evolution,2397-334X,true,,
JAMA cardiology,2380-6583;2380-6591,true,,
Science robotics,2470-9476,true,,
Chem,2451-9308;2451-9294,true,,
Science immunology,2470-9468,true,,
Nature biomedical engineering,2157-846X,true,,
Nature human behaviour,2397-3374,true,,
The Lancet. Public health,2468-2667,true,,
The Lancet. Planetary health,2542-5196,true,,
Joule,2542-4785;2542-4351,true,,
ACM transactions on privacy and security,2471-2566;2471-2574,true,,
Lancet : child & adolescent health,2352-4642;2352-4650,true,,
Nature sustainability,2398-9629,true,,
Nature electronics,2520-1131,true,,
npj flexible electronics,2397-4621,true,,
Annals of the American Association of Geographers,2469-4452;2469-4460,true,,
The Lancet : digital health,2589-7500,true,,
npj quantum materials,2397-4648,true,,
Nature food,2662-1355,true,,
Transactions of the American mathematical society : series b,2330-0000,true,,
The american economic review : insights,2640-205X;2640-2068,true,,
Journal of cinema and media studies,2578-4900;2578-4919,true,,
Lancet microbe,2666-5247,true,,
Nature cancer,2662-1347,true,,
Journal of psychopathology and clinical science,2769-7541;2769-755X,true,,
New perspectives on learning and instruction,2694-2232,true,,
Education and social theory,2766-6654;2766-6646,true,,
Gender and politics,2662-5814;2662-5822,true,,
Routledge advances in sociology,2643-4261;2155-2932,true,,
Routledge advances in feminist studies and intersectionality,2689-6680;2689-6672,true,,
Routledge research in gender and society,2155-5702,true,,
"Health, technology and society",2946-3378;2946-3386,true,,
"Youth, young adulthood and society",2640-7051;2640-7043,true,,
Routledge studies in renaissance and early modern worlds of knowledge,2769-0652,true,,
Early modern history : society and culture,2947-9061;2947-907X,true,,
Palgrave Macmillan memory studies,2634-6257;2634-6265,true,,
Key issues in cultural heritage,2577-6290;2577-6274,true,,
Routledge explorations in economic history,2155-3114,true,,
Cambridge imperial and post-colonial studies series,2635-1633;2635-1641,true,,
Palgrave studies in cultural and intellectual history,2945-6630;2945-6649,true,,
Palgrave studies in the history of emotions,2946-5958;2946-5966,true,,
Palgrave studies in the history of social movements,2634-6559;2634-6567,true,,
Palgrave Macmillan transnational history series,2634-6273;2634-6281,true,,
Palgrave studies in world environmental history,2730-9746;2730-9754,true,,
Palgrave studies in economic history,2662-6497;2662-6500,true,,
Palgrave studies in the history of childhood,2634-6532;2634-6540,true,,
Palgrave studies in political history,2946-5176;2946-5184,true,,
Routledge studies in archaeology,2768-2080,true,,
Studies in ethics,2155-6326,true,,
Studies in philosophy,2470-2919;2155-6490,true,,
Routledge handbooks in philosophy,2769-0636,true,,
New problems of philosophy,2691-8382;2766-1857,true,,
Routledge studies in critical realism,2769-0334;2769-0342,true,,
Routledge studies in metaphysics,2470-2889,true,,
New waves in philosophy,2947-6720;2947-6739,true,,
Philosophy and politics,2352-8370;2352-8389,true,,
Kindheit - Bildung - Erziehung : Philosophische Perspektiven,2662-5040;2662-5059,true,,
Routledge studies in contemporary philosophy,2692-0077,true,,
Routledge studies in seventeenth-century philosophy,2769-0598;2769-0601,true,,
Wissenschaftliche Untersuchungen zum Neuen Testament,0512-1604;2568-7476,true,,
Wissenschaftliche Untersuchungen zum Neuen Testament : Reihe 2,0340-9570;2568-7484,true,,
Discover computing,2948-2984;2948-2992,true,,
New world choreographies,2730-9266;2730-9274,true,,
Palgrave studies in theatre and performance history,2947-5767;2947-5775,true,,
Palgrave studies in modern European literature,2634-6478;2634-6486,true,,
Palgrave studies in life writing,2730-9185;2730-9193,true,,
"IEEE transactions on audio, speech, and language processing",2998-4173,true,,
Slavic literatures,2950-4244;2950-3965,true,,
